7739033810,Luis Fonsi - Despacito ft. Daddy Yankee ,
6163248024,Johny Johny Yes Papa üë∂ THE BEST Song for Children | LooLoo Kids ,
5414296863,Wiz Khalifa - See You Again ft. Charlie Puth [Official Video] Furious 7 Soundtrack ,
4458818388,Mark Ronson - Uptown Funk (Official Video) ft. Bruno Mars ,
4336310040,PSY - GANGNAM STYLE(Í∞ïÎÇ®Ïä§ÌÉÄÏùº) M/V ,
3843588971,El Chombo - Dame Tu Cosita feat. Cutty Ranks (Official Video) [Ultra Music] ,
3640403155,Maroon 5 - Sugar (Official Music Video) ,
3520397099,Katy Perry - Roar (Official) ,
3511545147,Justin Bieber - Sorry (PURPOSE : The Movement) ,
3505507129,OneRepublic - Counting Stars (Official Music Video) ,
3403024158,Ed Sheeran - Thinking Out Loud (Official Music Video) ,
3232199034,Maroon 5 - Girls Like You ft. Cardi B (Official Music Video) ,
3229187985,Alan Walker - Faded ,
3221366331,Katy Perry - Dark Horse (Official) ft. Juicy J ,
3220966810,Crazy Frog - Axel F (Official Video) ,
3169529951,Passenger | Let Her Go (Official Video) ,
3162660985,Enrique Iglesias - Bailando ft. Descemer Bueno. Gente De Zona (Espa√±ol) ,
3142257235,Taylor Swift - Shake It Off ,
3055781774,Shakira - Waka Waka (This Time for Africa) (The Official 2010 FIFA World Cup‚Ñ¢ Song) ,
3039257766,J Balvin. Willy William - Mi Gente (Official Video) ,
2947028748,Adele - Hello ,
2930338788,Taylor Swift - Blank Space ,
2780556324,Charlie Puth - We Don't Talk Anymore (feat. Selena Gomez) [Official Video] ,
2777510190,The Chainsmokers - Closer (Lyric) ft. Halsey ,
2746109352,FROZEN | Let It Go Sing-along | Official Disney UK ,
2711024600,Shakira - Chantaje (Official Video) ft. Maluma ,
2677852650,Justin Bieber - Baby (Official Music Video) ft. Ludacris ,
2637416081,Clean Bandit - Rockabye (feat. Sean Paul & Anne-Marie) [Official Video] ,
2544306645,Calvin Harris - This Is What You Came For (Official Video) ft. Rihanna ,
2543915762,Fifth Harmony - Work from Home (Official Video) ft. Ty Dolla $ign ,
2502868029,Meghan Trainor - All About That Bass ,
2467098500,Sia - Chandelier (Official Video) ,
2456847357,Pedro Cap√≥. Farruko - Calma (Remix - Official Video) ,
2437492809,Daddy Yankee & Snow - Con Calma (Official Video) ,
2356658768,Eminem - Love The Way You Lie ft. Rihanna ,
2343407751,Natti Natasha ‚ùå Ozuna - Criminal [Official Video] ,
2308707073,Casper. Nio Garc√≠a. Darell. Nicky Jam. Bad Bunny. Ozuna - Te Bote Remix (Video Oficial) ,
2280976643,Bruno Mars - The Lazy Song (Official Music Video) ,
2253736241,DJ Snake - Taki Taki ft. Selena Gomez. Ozuna. Cardi B (Official Music Video) ,
2239741818,Ellie Goulding - Love Me Like You Do (Official Video) ,
2192670395,Shawn Mendes - Treat You Better ,
2191149730,MAGIC! - Rude (Official Video) ,
2182407206,Justin Bieber - What Do You Mean? (Official Music Video) ,
2178943435,Luis Fonsi. Demi Lovato - √âchame La Culpa (Video Oficial) ,
2149402989,Imagine Dragons - Believer ,
2132534680,Avicii - Wake Me Up (Official Video) ,
2131731496,LMFAO ft. Lauren Bennett. GoonRock - Party Rock Anthem (Official Video) ,
2100988957,Becky G. Bad Bunny - Mayores (Official Video) ,
2063362845,John Legend - All of Me (Official Video) ,
2052854623,Nicky Jam x J. Balvin - X (EQUIS) | Video Oficial | Prod. Afro Bros & Jeon ,
2050695628,Fifth Harmony - Worth It (Official Video) ft. Kid Ink ,
2029369203,The Chainsmokers & Coldplay - Something Just Like This (Lyric) ,
2028621528,Christina Perri - A Thousand Years [Official Music Video] ,
2003903628,The Weeknd - Starboy ft. Daft Punk (Official Video) ,
2001386483,Future - Life Is Good (Official Music Video) ft. Drake ,
1989986828,Becky G. Natti Natasha - Sin Pijama (Official Video) ,
1979004206,Ariana Grande ft. Nicki Minaj - Side To Side (Official Video) ft. Nicki Minaj ,
1979147934,Adele - Rolling in the Deep (Official Music Video) ,
1917654741,ROSAL√çA. J Balvin - Con Altura (Official Video) ft. El Guincho ,
1880526454,Rihanna - Diamonds ,
1871645519,Jennifer Lopez - On The Floor ft. Pitbull ,
1855951826,Camila Cabello - Havana (Audio) ft. Young Thug ,
1855735803,Gotye - Somebody That I Used To Know (feat. Kimbra) [Official Music Video] ,
1850709851,Silent√≥ - Watch Me (Whip/Nae Nae) (Official) ,
1849420389,Romeo Santos - Propuesta Indecente (Official Video) ,
1836580450,J. Balvin - Ay Vamos (Official Video) ,
1830793519,Adele - Someone Like You (Official Music Video) ,
1830704862,Anuel AA. Daddy Yankee. Karol G. Ozuna & J Balvin - China (Video Oficial) ,
1820419459,Guns N' Roses - November Rain ,
1813886682,Drake - Hotline Bling ,
1808733256,BLACKPINK - ‚ÄòÎöúÎëêÎöúÎëê (DDU-DU DDU-DU)‚Äô M/V ,
1805468008,Daddy Yankee  - Dura (Official Video) ,
1804267611,twenty one pilots: Heathens (from Suicide Squad: The Album) [OFFICIAL VIDEO] ,
1803999589,ZAYN - Dusk Till Dawn (Official Video) ft. Sia ,
1793705186,The Chainsmokers - Don't Let Me Down (Official Video) ft. Daya ,
1784726501,TONES AND I - DANCE MONKEY (OFFICIAL VIDEO) ,
1783246715,The Weeknd - The Hills (Official Video) ,
1778097130,Imagine Dragons - Thunder ,
1774891508,Jessie J. Ariana Grande. Nicki Minaj - Bang Bang (Official Video) ,
1765735433,Ricky Martin - Vente Pa' Ca (Official Video) ft. Maluma ,
1758471578,Maluma - Felices los 4 (Official Video) ,
1743880833,Numb [Official Music Video] - Linkin Park ,
1735413554,Jhay Cortez. J. Balvin. Bad Bunny - No Me Conoce (Remix) ,
1723651855,Post Malone. Swae Lee - Sunflower (Spider-Man: Into the Spider-Verse) ,
1703065913,Sia - Cheap Thrills (Lyric Video) ft. Sean Paul ,
1690793994,Bruno Mars - Just The Way You Are (Official Music Video) ,
1690143574,MC Fioti - Bum Bum Tam Tam (KondZilla) | Official Music Video ,
1676192154,CNCO - Reggaet√≥n Lento (Bailemos) ,
1662208589,Chino y Nacho - Andas En Mi Cabeza ft. Daddy Yankee (Video Oficial) ,
1657468715,Jason Derulo - Swalla (feat. Nicki Minaj & Ty Dolla $ign) [Official Music Video] ,
1652455518,MACKLEMORE & RYAN LEWIS - THRIFT SHOP FEAT. WANZ (OFFICIAL VIDEO) ,
1642096148,Justin Bieber - Love Yourself (Official Music Video) ,
1614621066,DJ Khaled - I'm The One ft. Justin Bieber. Quavo. Chance the Rapper. Lil Wayne ,
1611981340,Eminem - Not Afraid (Official Video) ,
1606105743,Daddy Yankee - Shaky Shaky (Official Video) ,
1607090203,Danny Ocean -  Me Reh√∫so (Official Audio) ,
1600896621,Coldplay - Hymn For The Weekend (Official Video) ,
1576609231,Maluma - Coraz√≥n (Official Video) ft. Nego do Borel ,
1554955385,Una Lady Como T√∫ - MTZ Manuel Turizo | Video Oficial ,
1535110182,Coldplay - Paradise (Official Video) ,
1515987641,Ozuna - Se Prepar√≥ (Video Oficial) | Odisea ,
1515750715,CAN'T STOP THE FEELING! (from DreamWorks Animation's "TROLLS") (Official Video) ,
1514033378,Lady Gaga - Bad Romance (Official Music Video) ,
1512891080,Calvin Harris - Summer (Official Video) ,
1514800651,BLACKPINK - 'Kill This Love' M/V ,
1506424333,22. Hasta el Amanecer - Nicky Jam | Video Oficial ,
1494467639,Carlos Vives. Sebasti√°n Yatra - Robarte un Beso (Official Video) ,
1486342747,Ellie Goulding - Burn (Official Video) ,
1484282676,Calvin Harris & Disciples - How Deep Is Your Love ,
1478841982,Carlos Vives. Shakira - La Bicicleta ,
1478017613,Taylor Swift - Bad Blood ft. Kendrick Lamar ,
1474000166,Bruno Mars - 24K Magic (Official Music Video) ,
1467600158,PSY - GENTLEMAN M/V ,
1467856509,Billie Eilish. Khalid - lovely ,
1465934070,Los √Ångeles Azules - Nunca Es Suficiente ft. Natalia Lafourcade (Live) ,
1457299763,PULCINO PIO - El Pollito Pio (Official video) ,
1457622255,BTS (Î∞©ÌÉÑÏÜåÎÖÑÎã®) 'ÏûëÏùÄ Í≤ÉÎì§ÏùÑ ÏúÑÌïú Ïãú (Boy With Luv) (feat. Halsey)' Official MV ,
1446304604,Mike Posner - I Took A Pill In Ibiza (Seeb Remix) (Explicit) ,
1437880510,Sam Smith - I'm Not The Only One (Official Video) ,
1433896472,Rag'n'Bone Man - Human (Official Video) ,
1425729491,Nirvana - Smells Like Teen Spirit (Official Music Video) ,
1423147800,Carly Rae Jepsen - Call Me Maybe ,
1422157961,Shawn Mendes - Stitches (Official Video) ,
1422144559,Lehanga : Jass Manak (Official Video) Satti Dhillon | Latest Punjabi Songs | GK DIGITAL | Geet MP3 ,
1418834344,Post Malone - Congratulations ft. Quavo ,
1417098236,Wisin - Esc√°pate Conmigo (Official Video) ft. Ozuna ,
1415742846,a-ha - Take On Me (Official Video) [Remastered in 4K] ,
1410225495,BTS (Î∞©ÌÉÑÏÜåÎÖÑÎã®) 'DNA' Official MV ,
1399924038,Gente de Zona - La Gozadera (Official Video) ft. Marc Anthony ,
1397396287,Drake - God's Plan ,
1396868798,Katy Perry - Last Friday Night (T.G.I.F.) (Official Music Video) ,
1392506357,James Arthur - Say You Won't Let Go ,
1388110772,Enrique Iglesias - SUBEME LA RADIO (Official Video) ft. Descemer Bueno. Zion & Lennox ,
1389197455,BTS (Î∞©ÌÉÑÏÜåÎÖÑÎã®) 'Dynamite' Official MV ,
1382010845,Laung Laachi Title Song  Mannat Noor | Ammy Virk. Neeru Bajwa Amberdeep | Latest Punjabi Movie 2018 ,
1378002100,P!nk - Just Give Me A Reason ft. Nate Ruess ,
1364544181,50 Cent - In Da Club (Official Music Video) ,
1360862721,Vaaste Song: Dhvani Bhanushali. Tanishk Bagchi | Nikhil D | Bhushan Kumar | Radhika Rao. Vinay Sapru ,
1353965525,21. El Perd√≥n - Nicky Jam y Enrique Iglesias  [Official Music Video YTMAs] ,
1352750766,Imagine Dragons - Radioactive ,
1349980981,Katy Perry - Firework (Official Music Video) ,
1350133920,French Montana - Unforgettable ft. Swae Lee ,
1349697021,Shawn Mendes. Camila Cabello - Se√±orita ,
1345903836,Pitbull - Timber (Official Video) ft. Ke$ha ,
1342068947,Guns N' Roses - Sweet Child O' Mine (Official Music Video) ,
1335833185,52 GAJ KA DAMAN | PRANJAL DAHIYA | AMAN JAJI | RENUKA PANWAR  | MUKESH JAJI | SAHIL SANDHU ,
1334089852,Alex Rose  ft. Cazzu. Lenny Tavarez. Lyanno & Rauw Alejandro - Toda (Remix) [Video Oficial] ,
1329767773,One Direction - What Makes You Beautiful (Official Video) ,
1329386649,Thalia. Natti Natasha - No Me Acuerdo (Official Video) ,
1327969703,In The End [Official HD Music Video] - Linkin Park ,
1328393204,Eminem - Without Me (Official Music Video) ,
1323579812,Sam Smith - Too Good At Goodbyes (Official Video) ,
1321782422,Ariana Grande ft. Iggy Azalea - Problem (Official Video) ,
1320755967,Maari 2 - Rowdy Baby (Video Song) | Dhanush. Sai Pallavi | Yuvan Shankar Raja | Balaji Mohan ,
1314999281,AronChupa. Little Sis Nora - I'm an Albatraoz | OFFICIAL VIDEO ,
1310963621,Taylor Swift - Look What You Made Me Do ,
1304642248,Chris Jedi - Ahora Dice (Official Video) ft. J. Balvin. Ozuna. Arc√°ngel ,
1299884312,Joey Montana - Picky ,
1294637432,KAROL G. Nicki Minaj - Tusa (Official Video) ,
1290499424,Prince Royce - Darte un Beso ,
1285713512,Tyga - Taste (Official Video) ft. Offset ,
1281268761,Taylor Swift - You Belong With Me ,
1278513653,BAD BUNNY x DRAKE - M√çA (Official Video) ,
1272113142,Eminem - Rap God (Explicit) ,
1264574612,BEBE - 6ix9ine Ft. Anuel AA (Prod. By Ronny J) (Official Music Video) ,
1263193283,Don Omar - Danza Kuduro ft. Lucenzo ,
1258153827,Rihanna - Work (Explicit) ft. Drake ,
1252231373,Maluma - El Perdedor (Official Video) ,
1252651121,4 Non Blondes - What's Up (Official Music Video) ,
1247640793,Beyonc√© - Halo ,
1244781841,Rahat Fateh Ali Khan - Zaroori Tha ,
1241001117,Ricky Martin - La Mordidita (Official Video) ft. Yotuel ,
1237382497,The Weeknd - Can't Feel My Face (Official Video) ,
1237392896,HA-ASH - Lo Aprend√≠ de Ti (Primera Fila - Hecho Realidad [En Vivo]) ,
1234132018,twenty one pilots - Ride (Official Video) ,
1226180470,Anuel AA. KAROL G - Secreto ,
1208183476,Shakira - La La La (Brazil 2014) ft. Carlinhos Brown ,
1209236141,Arcangel x Bad Bunny X Dj Luian X Mambo Kingz - Tu No Vive Asi [Video oficial] ,
1203934653,Sia - Elastic Heart feat. Shia LaBeouf & Maddie Ziegler (Official Video) ,
1195018807,Mile Ho Tum - Reprise Version | Neha Kakkar | Tony Kakkar | Fever ,
1193937986,Katy Perry - Bon App√©tit (Official) ft. Migos ,
1190890803,The Cranberries - Zombie (Official Music Video) ,
1184147414,Eminem - Lose Yourself [HD] ,
1182513555,Whitney Houston - I Will Always Love You (Official 4K Video) ,
1172024176,Daddy Yankee - Limbo (Video Oficial) ,
1171730300,Christian Nodal - Adi√≥s Amor (Video Oficial) ,
1170439200,MC Kevinho - Olha a Explos√£o (KondZilla) | Official Music Video ,
1169564031,Shakira - Can't Remember to Forget You (Official Video) ft. Rihanna ,
1157250614,Billie Eilish - bad guy ,
1152363341,OMI - Cheerleader (Felix Jaehn Remix) [Official Video] ,
1149860324,Chris Brown - Loyal (Official Video) ft. Lil Wayne. Tyga ,
1149085386,Rick Astley - Never Gonna Give You Up (Official Music Video) ,
1145332160,Pitbull - Rain Over Me ft. Marc Anthony ,
1145465943,SIMMBA: Aankh Marey Lyrical | Ranveer Singh. Sara Ali Khan | Tanishk Bagchi. Mika Singh. Neha. Kumar S ,
1144501687,Miley Cyrus - Wrecking Ball (Official Video) ,
1143960058,DILBAR Lyrical | Satyameva Jayate |John Abraham. Nora Fatehi. Tanishk B. Neha Kakkar. Dhvani. Ikka ,
1141398965,Enrique Iglesias - El Perdedor (Pop) ft. Marco Antonio Sol√≠s ,
1140615451,BTS (Î∞©ÌÉÑÏÜåÎÖÑÎã®) 'MIC Drop (Steve Aoki Remix)' Official MV ,
1136480958,System Of A Down - Chop Suey! (Official HD Video) ,
1135243967,J Balvin - 6 AM ft. Farruko (Official Video) ,
1136179860,Dwayne Johnson - You're Welcome (from Moana/Official Video) ,
1134507709,BLACKPINK - 'ÎßàÏßÄÎßâÏ≤òÎüº (AS IF IT'S YOUR LAST)' M/V ,
1133548088,XXXTENTACION - SAD! ,
1131717929,Naughty Boy - La la la ft. Sam Smith (Official Video) ,
1132459783,Michael Jackson - Billie Jean (Official Video) ,
1128012339,Ariana Grande - Break Free ft. Zedd ,
1127588189,Lil Pump - Gucci Gang [Official Music Video] ,
1131592540,J.Geco - Chicken Song ,
1124210704,Nelly - Dilemma (Official Music Video) ft. Kelly Rowland ,
1122361289,Migos - Bad and Boujee ft Lil Uzi Vert [Official Video] ,
1123252598,Lut Gaye (Full Song) Emraan Hashmi. Yukti | Jubin N. Tanishk B. Manoj M | Bhushan K | Radhika-Vinay ,
1114369756,Sam Smith - Stay With Me (Official Video) ,
1113215746,Guru Randhawa: High Rated Gabru Official Song | DirectorGifty | Bhushan Kumar | T-Series ,
1111488179,Zion & Lennox ft. J Balvin - Otra Vez (Video Oficial) ,
1108331316,Pharrell Williams - Happy (Official Music Video) ,
1106613476,Bruno Mars - When I Was Your Man (Official Music Video) ,
1103936275,Los √Ångeles Azules - Mis Sentimientos ft. Ximena Sari√±ana (Live) ,
1098290302,ZAYN - PILLOWTALK (Official Music Video) ,
1086607400,DJ Snake. Lil Jon - Turn Down for What ,
1085860031,Katy Perry - Hot N Cold (Official) ,
1086537082,Bon Jovi - It's My Life (Official Music Video) ,
1079325499,FILHALL | Akshay Kumar Ft Nupur Sanon | BPraak | Jaani | Arvindr Khaira | Ammy Virk | DESI MELODIES ,
1078258659,Chino & Nacho - Me Voy Enamorando ft. Farruko (Remix) (Official Music Video) ,
1077204622,BTS (Î∞©ÌÉÑÏÜåÎÖÑÎã®) 'IDOL' Official MV ,
1074522083,Iggy Azalea - Fancy ft. Charli XCX (Official Music Video) ,
1073581072,Ariana Grande - no tears left to cry (Official Video) ,
1070431938,Marc Anthony - Vivir Mi Vida (Official Video) ,
1071081878,BTS (Î∞©ÌÉÑÏÜåÎÖÑÎã®) 'FAKE LOVE' Official MV ,
1068652459,Travesuras - Nicky Jam | Video Oficial ,
1065261173,Bruno Mars - Grenade (Official Music Video) ,
1064052074,Shawn Mendes - There's Nothing Holdin' Me Back ,
1057401592,Justin Bieber - Never Say Never (Official Music Video) ft. Jaden Smith ,
1054781486,DJ Snake - Let Me Love You ft. Justin Bieber (Official Video) ,
1052805292,AC/DC - Thunderstruck (Official Video) ,
1051762198,BLACKPINK - 'How You Like That' M/V ,
1049562322,Ylvis - The Fox (What Does The Fox Say?) [Official music video HD] ,
1049295646,Enrique Iglesias - DUELE EL CORAZON ft. Wisin ,
1047814446,Michel Tel√≥ - Ai Se Eu Te Pego -  Video Oficial (Assim voc√™ me mata) ,
1046883295,DJ Khaled - Wild Thoughts (Official Video) ft. Rihanna. Bryson Tiller ,
1048085518,Paulo Londra - Adan y Eva (Official Video) ,
1046478742,Maluma - Sin Contrato (Official Video) ,
1045269871,Nicki Minaj - Anaconda ,
1045408947,Bebe Rexha - Meant to Be (feat. Florida Georgia Line) [Official Music Video] ,
1046499858,Paulo Londra ft Lenny Tavarez - Nena Maldicion (Official Video) ,
1042193212,Maluma - Borro Cassette (Official Video) ,
1042491126,Backstreet Boys - I Want It That Way (Official HD Video) ,
1040442000,Shakira - Hips Don't Lie (Official 4K Video) ft. Wyclef Jean ,
1037488448,Romeo Santos - Eres M√≠a ,
1034691276,J Balvin BONITA feat. Jowell & Randy ,
1030814550,Cham Cham Full Video | BAAGHI | Tiger Shroff. Shraddha Kapoor| Meet Bros. Monali Thakur| Sabbir Khan ,
1029574205,BAD BUNNY x JHAY CORTEZ - D√ÅKITI | EL √öLTIMO TOUR DEL MUNDO (Official Video) ,
1020771520,Major Lazer - Cold Water (feat. Justin Bieber & M√ò) (Official Lyric Video) ,
1012738398,Reik - Me Niego ft. Ozuna. Wisin ,
1011652044,Rihanna - We Found Love ft. Calvin Harris ,
1011393542,Camila Cabello - Havana ft. Young Thug ,
1011591081,Myke Towers. Farruko. Arcangel. Sech & Zion - Si Se Da Remix (Video Oficial) ,
1009320253,DJ Snake ft. Justin Bieber - Let Me Love You [Lyric Video] ,
1007327798,Coldplay - The Scientist (Official Video) ,
1007087887,J Balvin - Safari ft. Pharrell Williams. BIA. Sky (Official Video) ,
1007229175,Cyndi Lauper - Girls Just Want To Have Fun (Official Video) ,
1005186507,Rihanna - Stay ft. Mikky Ekko ,
1005249199,Guru Randhawa: Lahore (Official Video) Bhushan Kumar | Vee | DirectorGifty | T-Series ,
1004526181,Evanescence - Bring Me To Life (Official Music Video) ,
1006938892,BLACKPINK - 'How You Like That' DANCE PERFORMANCE VIDEO ,