Luis Fonsi - Despacito ft. Daddy Yankee ,https://img.youtube.com/vi/kJQP7kiw5Fk/maxresdefault.jpg,
Johny Johny Yes Papa üë∂ THE BEST Song for Children | LooLoo Kids ,https://img.youtube.com/vi/F4tHL8reNCs/maxresdefault.jpg,
Ed Sheeran - Shape of You (Official Music Video) ,https://img.youtube.com/vi/JGwWNGJdvx8/maxresdefault.jpg,
Wiz Khalifa - See You Again ft. Charlie Puth [Official Video] Furious 7 Soundtrack ,https://img.youtube.com/vi/RgKAFK5djSk/maxresdefault.jpg,
Mark Ronson - Uptown Funk (Official Video) ft. Bruno Mars ,https://img.youtube.com/vi/OPf0YbXqDm0/maxresdefault.jpg,
PSY - GANGNAM STYLE(Í∞ïÎÇ®Ïä§ÌÉÄÏùº) M/V ,https://img.youtube.com/vi/9bZkp7q19f0/maxresdefault.jpg,
El Chombo - Dame Tu Cosita feat. Cutty Ranks (Official Video) [Ultra Music] ,https://img.youtube.com/vi/FzG4uDgje3M/maxresdefault.jpg,
Maroon 5 - Sugar (Official Music Video) ,https://img.youtube.com/vi/09R8_2nJtjg/maxresdefault.jpg,
Katy Perry - Roar (Official) ,https://img.youtube.com/vi/CevxZvSJLk8/maxresdefault.jpg,
Justin Bieber - Sorry (PURPOSE : The Movement) ,https://img.youtube.com/vi/fRh_vgS2dFE/maxresdefault.jpg,
OneRepublic - Counting Stars (Official Music Video) ,https://img.youtube.com/vi/hT_nvWreIhg/maxresdefault.jpg,
Ed Sheeran - Thinking Out Loud (Official Music Video) ,https://img.youtube.com/vi/lp-EO5I60KA/maxresdefault.jpg,
Maroon 5 - Girls Like You ft. Cardi B (Official Music Video) ,https://img.youtube.com/vi/aJOTlE1K90k/maxresdefault.jpg,
Alan Walker - Faded ,https://img.youtube.com/vi/60ItHLz5WEA/maxresdefault.jpg,
Katy Perry - Dark Horse (Official) ft. Juicy J ,https://img.youtube.com/vi/0KSOMA3QBU0/maxresdefault.jpg,
Crazy Frog - Axel F (Official Video) ,https://img.youtube.com/vi/k85mRPqvMbE/maxresdefault.jpg,
Passenger | Let Her Go (Official Video) ,https://img.youtube.com/vi/RBumgq5yVrA/maxresdefault.jpg,
Enrique Iglesias - Bailando ft. Descemer Bueno. Gente De Zona (Espa√±ol) ,https://img.youtube.com/vi/NUsoVlDFqZg/maxresdefault.jpg,
Major Lazer & DJ Snake - Lean On (feat. M√ò) (Official Music Video) ,https://img.youtube.com/vi/YqeW9_5kURI/maxresdefault.jpg,
Taylor Swift - Shake It Off ,https://img.youtube.com/vi/nfWlot6h_JM/maxresdefault.jpg,
Ed Sheeran - Perfect (Official Music Video) ,https://img.youtube.com/vi/2Vv-BfVoq4g/maxresdefault.jpg,
Shakira - Waka Waka (This Time for Africa) (The Official 2010 FIFA World Cup‚Ñ¢ Song) ,https://img.youtube.com/vi/pRpeEdMmmQ0/maxresdefault.jpg,
J Balvin. Willy William - Mi Gente (Official Video) ,https://img.youtube.com/vi/wnJ6LuUFpMo/maxresdefault.jpg,
Adele - Hello ,https://img.youtube.com/vi/YQHsXMglC9A/maxresdefault.jpg,
Taylor Swift - Blank Space ,https://img.youtube.com/vi/e-ORhEE9VVg/maxresdefault.jpg,
Charlie Puth - We Don't Talk Anymore (feat. Selena Gomez) [Official Video] ,https://img.youtube.com/vi/3AtDnEC4zak/maxresdefault.jpg,
The Chainsmokers - Closer (Lyric) ft. Halsey ,https://img.youtube.com/vi/PT2_F-1esPk/maxresdefault.jpg,
The Gummy Bear Song - Long English Version ,https://img.youtube.com/vi/astISOttCQ0/maxresdefault.jpg,
FROZEN | Let It Go Sing-along | Official Disney UK ,https://img.youtube.com/vi/L0MK7qz13bU/maxresdefault.jpg,
Shakira - Chantaje (Official Video) ft. Maluma ,https://img.youtube.com/vi/6Mgqbai3fKo/maxresdefault.jpg,
Justin Bieber - Baby (Official Music Video) ft. Ludacris ,https://img.youtube.com/vi/kffacxfA7G4/maxresdefault.jpg,
Clean Bandit - Rockabye (feat. Sean Paul & Anne-Marie) [Official Video] ,https://img.youtube.com/vi/papuvlVeZg8/maxresdefault.jpg,
Dua Lipa - New Rules (Official Music Video) ,https://img.youtube.com/vi/k2qgadSvNyU/maxresdefault.jpg,
Calvin Harris - This Is What You Came For (Official Video) ft. Rihanna ,https://img.youtube.com/vi/kOkQ4T5WO9E/maxresdefault.jpg,
Fifth Harmony - Work from Home (Official Video) ft. Ty Dolla $ign ,https://img.youtube.com/vi/5GL9JoH4Sws/maxresdefault.jpg,
Meghan Trainor - All About That Bass ,https://img.youtube.com/vi/7PCkvCPvDXk/maxresdefault.jpg,
Sia - Chandelier (Official Video) ,https://img.youtube.com/vi/2vjPBrBU-TM/maxresdefault.jpg,
twenty one pilots: Stressed Out [OFFICIAL VIDEO] ,https://img.youtube.com/vi/pXRviuL6vMY/maxresdefault.jpg,
Pedro Cap√≥. Farruko - Calma (Remix - Official Video) ,https://img.youtube.com/vi/1_zgKRBrT0Y/maxresdefault.jpg,
Daddy Yankee & Snow - Con Calma (Official Video) ,https://img.youtube.com/vi/DiItGE3eAyQ/maxresdefault.jpg,
Eminem - Love The Way You Lie ft. Rihanna ,https://img.youtube.com/vi/uelHwf8o7_U/maxresdefault.jpg,
Natti Natasha ‚ùå Ozuna - Criminal [Official Video] ,https://img.youtube.com/vi/VqEbCxg2bNI/maxresdefault.jpg,
Casper. Nio Garc√≠a. Darell. Nicky Jam. Bad Bunny. Ozuna - Te Bote Remix (Video Oficial) ,https://img.youtube.com/vi/9jI-z9QN6g8/maxresdefault.jpg,
Bruno Mars - The Lazy Song (Official Music Video) ,https://img.youtube.com/vi/fLexgOxsZu0/maxresdefault.jpg,
DJ Snake - Taki Taki ft. Selena Gomez. Ozuna. Cardi B (Official Music Video) ,https://img.youtube.com/vi/ixkoVwKQaJg/maxresdefault.jpg,
Ellie Goulding - Love Me Like You Do (Official Video) ,https://img.youtube.com/vi/AJtDXIazrMo/maxresdefault.jpg,
‡§∂‡•ç‡§∞‡•Ä ‡§π‡§®‡•Å‡§Æ‡§æ‡§® ‡§ö‡§æ‡§≤‡•Ä‡§∏‡§æ Hanuman Chalisa I GULSHAN KUMAR I HARIHARAN. Full HD Video. Shree Hanuman Chalisa ,https://img.youtube.com/vi/AETFvQonfV8/maxresdefault.jpg,
Marshmello - Alone (Official Music Video) ,https://img.youtube.com/vi/ALZHF5UqnU4/maxresdefault.jpg,
Shawn Mendes - Treat You Better ,https://img.youtube.com/vi/lY2yjAdbvdQ/maxresdefault.jpg,
MAGIC! - Rude (Official Video) ,https://img.youtube.com/vi/PIh2xe4jnpk/maxresdefault.jpg,
Justin Bieber - What Do You Mean? (Official Music Video) ,https://img.youtube.com/vi/DK_0jXPuIr0/maxresdefault.jpg,
Luis Fonsi. Demi Lovato - √âchame La Culpa (Video Oficial) ,https://img.youtube.com/vi/TyHvyGVs42U/maxresdefault.jpg,
Imagine Dragons - Believer ,https://img.youtube.com/vi/7wtfhZwyrcc/maxresdefault.jpg,
Avicii - Wake Me Up (Official Video) ,https://img.youtube.com/vi/IcrbM1l_BoI/maxresdefault.jpg,
LMFAO ft. Lauren Bennett. GoonRock - Party Rock Anthem (Official Video) ,https://img.youtube.com/vi/KQ6zr6kCPj8/maxresdefault.jpg,
Becky G. Bad Bunny - Mayores (Official Video) ,https://img.youtube.com/vi/GMFewiplIbw/maxresdefault.jpg,
John Legend - All of Me (Official Video) ,https://img.youtube.com/vi/450p7goxZqg/maxresdefault.jpg,
Nicky Jam x J. Balvin - X (EQUIS) | Video Oficial | Prod. Afro Bros & Jeon ,https://img.youtube.com/vi/_I_D_8Z4sJE/maxresdefault.jpg,
Fifth Harmony - Worth It (Official Video) ft. Kid Ink ,https://img.youtube.com/vi/YBHQbu5rbdQ/maxresdefault.jpg,
The Chainsmokers & Coldplay - Something Just Like This (Lyric) ,https://img.youtube.com/vi/FM7MFYoylVs/maxresdefault.jpg,
Christina Perri - A Thousand Years [Official Music Video] ,https://img.youtube.com/vi/rtOvBOTyX00/maxresdefault.jpg,
The Weeknd - Starboy ft. Daft Punk (Official Video) ,https://img.youtube.com/vi/34Na4j8AVgA/maxresdefault.jpg,
Future - Life Is Good (Official Music Video) ft. Drake ,https://img.youtube.com/vi/l0U7SxXHkPY/maxresdefault.jpg,
Becky G. Natti Natasha - Sin Pijama (Official Video) ,https://img.youtube.com/vi/zEf423kYfqk/maxresdefault.jpg,
Ariana Grande ft. Nicki Minaj - Side To Side (Official Video) ft. Nicki Minaj ,https://img.youtube.com/vi/SXiSVQZLje8/maxresdefault.jpg,
Adele - Rolling in the Deep (Official Music Video) ,https://img.youtube.com/vi/rYEDA3JcQqw/maxresdefault.jpg,
Bruno Mars - That‚Äôs What I Like (Official Music Video) ,https://img.youtube.com/vi/PMivT7MJ41M/maxresdefault.jpg,
ROSAL√çA. J Balvin - Con Altura (Official Video) ft. El Guincho ,https://img.youtube.com/vi/p7bfOZek9t4/maxresdefault.jpg,
Rihanna - Diamonds ,https://img.youtube.com/vi/lWA2pjMjpBs/maxresdefault.jpg,
Jennifer Lopez - On The Floor ft. Pitbull ,https://img.youtube.com/vi/t4H_Zoh7G5A/maxresdefault.jpg,
Camila Cabello - Havana (Audio) ft. Young Thug ,https://img.youtube.com/vi/HCjNJDNzw8Y/maxresdefault.jpg,
Gotye - Somebody That I Used To Know (feat. Kimbra) [Official Music Video] ,https://img.youtube.com/vi/8UVNT4wvIGY/maxresdefault.jpg,
Silent√≥ - Watch Me (Whip/Nae Nae) (Official) ,https://img.youtube.com/vi/vjW8wmF5VWc/maxresdefault.jpg,
Romeo Santos - Propuesta Indecente (Official Video) ,https://img.youtube.com/vi/QFs3PIZb3js/maxresdefault.jpg,
J. Balvin - Ay Vamos (Official Video) ,https://img.youtube.com/vi/TapXs54Ah3E/maxresdefault.jpg,
Adele - Someone Like You (Official Music Video) ,https://img.youtube.com/vi/hLQl3WQQoQ0/maxresdefault.jpg,
Anuel AA. Daddy Yankee. Karol G. Ozuna & J Balvin - China (Video Oficial) ,https://img.youtube.com/vi/0VR3dfZf9Yg/maxresdefault.jpg,
Guns N' Roses - November Rain ,https://img.youtube.com/vi/8SbUC-UaAxE/maxresdefault.jpg,
Drake - Hotline Bling ,https://img.youtube.com/vi/uxpDa-c-4Mc/maxresdefault.jpg,
BLACKPINK - ‚ÄòÎöúÎëêÎöúÎëê (DDU-DU DDU-DU)‚Äô M/V ,https://img.youtube.com/vi/IHNzOHi8sJs/maxresdefault.jpg,
Daddy Yankee  - Dura (Official Video) ,https://img.youtube.com/vi/sGIm0-dQd8M/maxresdefault.jpg,
twenty one pilots: Heathens (from Suicide Squad: The Album) [OFFICIAL VIDEO] ,https://img.youtube.com/vi/UprcpdwuwCg/maxresdefault.jpg,
ZAYN - Dusk Till Dawn (Official Video) ft. Sia ,https://img.youtube.com/vi/tt2k8PGm-TI/maxresdefault.jpg,
The Chainsmokers - Don't Let Me Down (Official Video) ft. Daya ,https://img.youtube.com/vi/Io0fBr1XBUA/maxresdefault.jpg,
TONES AND I - DANCE MONKEY (OFFICIAL VIDEO) ,https://img.youtube.com/vi/q0hyYWKXF0Q/maxresdefault.jpg,
The Weeknd - The Hills (Official Video) ,https://img.youtube.com/vi/yzTuBuRdAyA/maxresdefault.jpg,
Imagine Dragons - Thunder ,https://img.youtube.com/vi/fKopy74weus/maxresdefault.jpg,
Jessie J. Ariana Grande. Nicki Minaj - Bang Bang (Official Video) ,https://img.youtube.com/vi/0HDdjwpPM3Y/maxresdefault.jpg,
Ricky Martin - Vente Pa' Ca (Official Video) ft. Maluma ,https://img.youtube.com/vi/iOe6dI2JhgU/maxresdefault.jpg,
Maluma - Felices los 4 (Official Video) ,https://img.youtube.com/vi/t_jHrUE5IOk/maxresdefault.jpg,
Numb [Official Music Video] - Linkin Park ,https://img.youtube.com/vi/kXYiU_JCYtU/maxresdefault.jpg,
Jhay Cortez. J. Balvin. Bad Bunny - No Me Conoce (Remix) ,https://img.youtube.com/vi/w2C6RhQBYlg/maxresdefault.jpg,
Post Malone. Swae Lee - Sunflower (Spider-Man: Into the Spider-Verse) ,https://img.youtube.com/vi/ApXoWvfEYVU/maxresdefault.jpg,
Piso 21 - D√©jala Que Vuelva (feat. Manuel Turizo) [Video Oficial] ,https://img.youtube.com/vi/y7d9VLRO3vc/maxresdefault.jpg,
Sia - Cheap Thrills (Lyric Video) ft. Sean Paul ,https://img.youtube.com/vi/nYh-n7EOtMA/maxresdefault.jpg,
Ozuna x Romeo Santos - El Farsante (Remix) (Video Oficial) ,https://img.youtube.com/vi/wfWkmURBNv8/maxresdefault.jpg,
Bruno Mars - Just The Way You Are (Official Music Video) ,https://img.youtube.com/vi/LjhCEhWiKXk/maxresdefault.jpg,
MC Fioti - Bum Bum Tam Tam (KondZilla) | Official Music Video ,https://img.youtube.com/vi/_P7S2lKif-A/maxresdefault.jpg,
CNCO - Reggaet√≥n Lento (Bailemos) ,https://img.youtube.com/vi/7jpqqBX-Myw/maxresdefault.jpg,
Chino y Nacho - Andas En Mi Cabeza ft. Daddy Yankee (Video Oficial) ,https://img.youtube.com/vi/AMTAQ-AJS4Y/maxresdefault.jpg,
Jason Derulo - Swalla (feat. Nicki Minaj & Ty Dolla $ign) [Official Music Video] ,https://img.youtube.com/vi/NGLxoKOvzu4/maxresdefault.jpg,
MACKLEMORE & RYAN LEWIS - THRIFT SHOP FEAT. WANZ (OFFICIAL VIDEO) ,https://img.youtube.com/vi/QK8mJJJvaes/maxresdefault.jpg,
Justin Bieber - Love Yourself (Official Music Video) ,https://img.youtube.com/vi/oyEuk8j8imI/maxresdefault.jpg,
DJ Khaled - I'm The One ft. Justin Bieber. Quavo. Chance the Rapper. Lil Wayne ,https://img.youtube.com/vi/weeI1G46q0o/maxresdefault.jpg,
Eminem - Not Afraid (Official Video) ,https://img.youtube.com/vi/j5-yKhDd64s/maxresdefault.jpg,
Daddy Yankee - Shaky Shaky (Official Video) ,https://img.youtube.com/vi/aKuivabiOns/maxresdefault.jpg,
Danny Ocean -  Me Reh√∫so (Official Audio) ,https://img.youtube.com/vi/aDCcLQto5BM/maxresdefault.jpg,
Coldplay - Hymn For The Weekend (Official Video) ,https://img.youtube.com/vi/YykjpeuMNEk/maxresdefault.jpg,
Maluma - Coraz√≥n (Official Video) ft. Nego do Borel ,https://img.youtube.com/vi/GmHrjFIWl6U/maxresdefault.jpg,
Una Lady Como T√∫ - MTZ Manuel Turizo | Video Oficial ,https://img.youtube.com/vi/VYtJAuoZxcc/maxresdefault.jpg,
David Guetta - Titanium ft. Sia (Official Video) ,https://img.youtube.com/vi/JRfuAukYTKg/maxresdefault.jpg,
Martin Garrix - Animals (Official Video) ,https://img.youtube.com/vi/gCYcHz2k5x0/maxresdefault.jpg,
Coldplay - Paradise (Official Video) ,https://img.youtube.com/vi/1G4isv_Fylg/maxresdefault.jpg,
David Guetta - Hey Mama (Official Video) ft Nicki Minaj. Bebe Rexha & Afrojack ,https://img.youtube.com/vi/uO59tfQ2TbA/maxresdefault.jpg,
Ozuna - Se Prepar√≥ (Video Oficial) | Odisea ,https://img.youtube.com/vi/KWGrPNqz4uc/maxresdefault.jpg,
CAN'T STOP THE FEELING! (from DreamWorks Animation's "TROLLS") (Official Video) ,https://img.youtube.com/vi/ru0K8uYEZWw/maxresdefault.jpg,
Lady Gaga - Bad Romance (Official Music Video) ,https://img.youtube.com/vi/qrO4YZeyl0I/maxresdefault.jpg,
Calvin Harris - Summer (Official Video) ,https://img.youtube.com/vi/ebXbLfLACGM/maxresdefault.jpg,
BLACKPINK - 'Kill This Love' M/V ,https://img.youtube.com/vi/2S24-y0Ij3Y/maxresdefault.jpg,
22. Hasta el Amanecer - Nicky Jam | Video Oficial ,https://img.youtube.com/vi/kkx-7fsiWgg/maxresdefault.jpg,
Carlos Vives. Sebasti√°n Yatra - Robarte un Beso (Official Video) ,https://img.youtube.com/vi/Mtau4v6foHA/maxresdefault.jpg,
Ellie Goulding - Burn (Official Video) ,https://img.youtube.com/vi/CGyEd0aKWZE/maxresdefault.jpg,
Calvin Harris & Disciples - How Deep Is Your Love ,https://img.youtube.com/vi/EgqUJOudrcM/maxresdefault.jpg,
Carlos Vives. Shakira - La Bicicleta ,https://img.youtube.com/vi/-UV0QGLmYys/maxresdefault.jpg,
Taylor Swift - Bad Blood ft. Kendrick Lamar ,https://img.youtube.com/vi/QcIy9NiNbmo/maxresdefault.jpg,
Bruno Mars - 24K Magic (Official Music Video) ,https://img.youtube.com/vi/UqyT8IEBkvY/maxresdefault.jpg,
PSY - GENTLEMAN M/V ,https://img.youtube.com/vi/ASO_zypdnsQ/maxresdefault.jpg,
Billie Eilish. Khalid - lovely ,https://img.youtube.com/vi/V1Pl8CzNzCw/maxresdefault.jpg,
Los √Ångeles Azules - Nunca Es Suficiente ft. Natalia Lafourcade (Live) ,https://img.youtube.com/vi/k76BgIb89-s/maxresdefault.jpg,
Queen ‚Äì Bohemian Rhapsody (Official Video Remastered) ,https://img.youtube.com/vi/fJ9rUzIMcZQ/maxresdefault.jpg,
PULCINO PIO - El Pollito Pio (Official video) ,https://img.youtube.com/vi/dhsy6epaJGs/maxresdefault.jpg,
BTS (Î∞©ÌÉÑÏÜåÎÖÑÎã®) 'ÏûëÏùÄ Í≤ÉÎì§ÏùÑ ÏúÑÌïú Ïãú (Boy With Luv) (feat. Halsey)' Official MV ,https://img.youtube.com/vi/XsX3ATc3FbA/maxresdefault.jpg,
Mike Posner - I Took A Pill In Ibiza (Seeb Remix) (Explicit) ,https://img.youtube.com/vi/foE1mO2yM04/maxresdefault.jpg,
Sam Smith - I'm Not The Only One (Official Video) ,https://img.youtube.com/vi/nCkpzqqog4k/maxresdefault.jpg,
Cardi B. Bad Bunny & J Balvin - I Like It [Official Music Video] ,https://img.youtube.com/vi/xTlNMmZKwpA/maxresdefault.jpg,
Rag'n'Bone Man - Human (Official Video) ,https://img.youtube.com/vi/L3wKzyIN1yk/maxresdefault.jpg,
Nirvana - Smells Like Teen Spirit (Official Music Video) ,https://img.youtube.com/vi/hTWKbfoikeg/maxresdefault.jpg,
Carly Rae Jepsen - Call Me Maybe ,https://img.youtube.com/vi/fWNaR-rxAic/maxresdefault.jpg,
Shawn Mendes - Stitches (Official Video) ,https://img.youtube.com/vi/VbfpW0pbvaU/maxresdefault.jpg,
Lehanga : Jass Manak (Official Video) Satti Dhillon | Latest Punjabi Songs | GK DIGITAL | Geet MP3 ,https://img.youtube.com/vi/RKioDWlajvo/maxresdefault.jpg,
Post Malone - Congratulations ft. Quavo ,https://img.youtube.com/vi/SC4xMk98Pdc/maxresdefault.jpg,
Wisin - Esc√°pate Conmigo (Official Video) ft. Ozuna ,https://img.youtube.com/vi/3X9wEwulYhk/maxresdefault.jpg,
a-ha - Take On Me (Official Video) [Remastered in 4K] ,https://img.youtube.com/vi/djV11Xbc914/maxresdefault.jpg,
BTS (Î∞©ÌÉÑÏÜåÎÖÑÎã®) 'DNA' Official MV ,https://img.youtube.com/vi/MBdVXkSdhwU/maxresdefault.jpg,
Gente de Zona - La Gozadera (Official Video) ft. Marc Anthony ,https://img.youtube.com/vi/VMp55KH_3wo/maxresdefault.jpg,
Drake - God's Plan ,https://img.youtube.com/vi/xpVfcZ0ZcFM/maxresdefault.jpg,
Katy Perry - Last Friday Night (T.G.I.F.) (Official Music Video) ,https://img.youtube.com/vi/KlyXNRrsk4A/maxresdefault.jpg,
James Arthur - Say You Won't Let Go ,https://img.youtube.com/vi/0yW7w8F2TVA/maxresdefault.jpg,
Enrique Iglesias - SUBEME LA RADIO (Official Video) ft. Descemer Bueno. Zion & Lennox ,https://img.youtube.com/vi/9sg-A-eS6Ig/maxresdefault.jpg,
BTS (Î∞©ÌÉÑÏÜåÎÖÑÎã®) 'Dynamite' Official MV ,https://img.youtube.com/vi/gdZLi9oWNZg/maxresdefault.jpg,
Laung Laachi Title Song  Mannat Noor | Ammy Virk. Neeru Bajwa. Amberdeep | Latest Punjabi Movie 2018 ,https://img.youtube.com/vi/YpkJO_GrCo0/maxresdefault.jpg,
El Amante - Nicky Jam (Video Oficial)  (√Ålbum F√©nix) ,https://img.youtube.com/vi/YG2p6XBuSKA/maxresdefault.jpg,
P!nk - Just Give Me A Reason ft. Nate Ruess ,https://img.youtube.com/vi/OpQFFLBMEPI/maxresdefault.jpg,
BLACKPINK - 'Î∂êÎ∞îÏïº (BOOMBAYAH)' M/V ,https://img.youtube.com/vi/bwmSjveL3Lc/maxresdefault.jpg,
50 Cent - In Da Club (Official Music Video) ,https://img.youtube.com/vi/5qm8PH4xAss/maxresdefault.jpg,
Vaaste Song: Dhvani Bhanushali. Tanishk Bagchi | Nikhil D | Bhushan Kumar | Radhika Rao. Vinay Sapru ,https://img.youtube.com/vi/BBAyRBTfsOU/maxresdefault.jpg,
21. El Perd√≥n - Nicky Jam y Enrique Iglesias  [Official Music Video YTMAs] ,https://img.youtube.com/vi/hXI8RQYC36Q/maxresdefault.jpg,
Imagine Dragons - Radioactive ,https://img.youtube.com/vi/ktvTqknDobU/maxresdefault.jpg,
Katy Perry - Firework (Official Music Video) ,https://img.youtube.com/vi/QGJuMBdaqIw/maxresdefault.jpg,
French Montana - Unforgettable ft. Swae Lee ,https://img.youtube.com/vi/CTFtOOh47oo/maxresdefault.jpg,
Shawn Mendes. Camila Cabello - Se√±orita ,https://img.youtube.com/vi/Pkh8UtuejGw/maxresdefault.jpg,
Pitbull - Timber (Official Video) ft. Ke$ha ,https://img.youtube.com/vi/hHUbLv4ThOo/maxresdefault.jpg,
Guns N' Roses - Sweet Child O' Mine (Official Music Video) ,https://img.youtube.com/vi/1w7OgIMMRc4/maxresdefault.jpg,
Charlie Puth - Attention [Official Video] ,https://img.youtube.com/vi/nfs8NYg7yQM/maxresdefault.jpg,
52 GAJ KA DAMAN | PRANJAL DAHIYA | AMAN JAJI | RENUKA PANWAR  | MUKESH JAJI | SAHIL SANDHU ,https://img.youtube.com/vi/CZt-rVn2BJs/maxresdefault.jpg,
Alex Rose  ft. Cazzu. Lenny Tavarez. Lyanno & Rauw Alejandro - Toda (Remix) [Video Oficial] ,https://img.youtube.com/vi/lKDGxAHZt0E/maxresdefault.jpg,
One Direction - What Makes You Beautiful (Official Video) ,https://img.youtube.com/vi/QJO3ROT-A4E/maxresdefault.jpg,
Thalia. Natti Natasha - No Me Acuerdo (Official Video) ,https://img.youtube.com/vi/iQEVguV71sI/maxresdefault.jpg,
In The End [Official HD Music Video] - Linkin Park ,https://img.youtube.com/vi/eVTXPUF4Oz4/maxresdefault.jpg,
Eminem - Without Me (Official Music Video) ,https://img.youtube.com/vi/YVkUvmDQ3HY/maxresdefault.jpg,
Sam Smith - Too Good At Goodbyes (Official Video) ,https://img.youtube.com/vi/J_ub7Etch2U/maxresdefault.jpg,
Ariana Grande ft. Iggy Azalea - Problem (Official Video) ,https://img.youtube.com/vi/iS1g8G_njx8/maxresdefault.jpg,
Maari 2 - Rowdy Baby (Video Song) | Dhanush. Sai Pallavi | Yuvan Shankar Raja | Balaji Mohan ,https://img.youtube.com/vi/x6Q7c9RyMzk/maxresdefault.jpg,
AronChupa. Little Sis Nora - I'm an Albatraoz | OFFICIAL VIDEO ,https://img.youtube.com/vi/Bznxx12Ptl0/maxresdefault.jpg,
Taylor Swift - Look What You Made Me Do ,https://img.youtube.com/vi/3tmd-ClpJxA/maxresdefault.jpg,
Chris Jedi - Ahora Dice (Official Video) ft. J. Balvin. Ozuna. Arc√°ngel ,https://img.youtube.com/vi/c73Cu3TQnlg/maxresdefault.jpg,
Joey Montana - Picky ,https://img.youtube.com/vi/RqpKDkVzlqU/maxresdefault.jpg,
KAROL G. Nicki Minaj - Tusa (Official Video) ,https://img.youtube.com/vi/tbneQDc2H3I/maxresdefault.jpg,
Prince Royce - Darte un Beso ,https://img.youtube.com/vi/bdOXnTbyk0g/maxresdefault.jpg,
Arctic Monkeys - Do I Wanna Know? (Official Video) ,https://img.youtube.com/vi/bpOSxM0rNPM/maxresdefault.jpg,
Tyga - Taste (Official Video) ft. Offset ,https://img.youtube.com/vi/LjxulQ1bEWg/maxresdefault.jpg,
Taylor Swift - You Belong With Me ,https://img.youtube.com/vi/VuNIsY6JdUw/maxresdefault.jpg,
BAD BUNNY x DRAKE - M√çA (Official Video) ,https://img.youtube.com/vi/OSUxrSe5GbI/maxresdefault.jpg,
Coldplay - Adventure Of A Lifetime (Official Video) ,https://img.youtube.com/vi/QtXby3twMmI/maxresdefault.jpg,
Eminem - Rap God (Explicit) ,https://img.youtube.com/vi/XbGs_qK2PQA/maxresdefault.jpg,
Lady Gaga. Bradley Cooper - Shallow (from A Star Is Born) (Official Music Video) ,https://img.youtube.com/vi/bo_efYhYU2A/maxresdefault.jpg,
BEBE - 6ix9ine Ft. Anuel AA (Prod. By Ronny J) (Official Music Video) ,https://img.youtube.com/vi/ycV6cnK3SIs/maxresdefault.jpg,
Don Omar - Danza Kuduro ft. Lucenzo ,https://img.youtube.com/vi/7zp1TbLFPp8/maxresdefault.jpg,
Rihanna - Work (Explicit) ft. Drake ,https://img.youtube.com/vi/HL1UzIK-flA/maxresdefault.jpg,
Maluma - El Perdedor (Official Video) ,https://img.youtube.com/vi/PJniSb91tvo/maxresdefault.jpg,
4 Non Blondes - What's Up (Official Music Video) ,https://img.youtube.com/vi/6NXnxTNIWkc/maxresdefault.jpg,
Beyonc√© - Halo ,https://img.youtube.com/vi/bnVUHWCynig/maxresdefault.jpg,
Rahat Fateh Ali Khan - Zaroori Tha ,https://img.youtube.com/vi/6-n_szx2XRE/maxresdefault.jpg,
Ricky Martin - La Mordidita (Official Video) ft. Yotuel ,https://img.youtube.com/vi/lBztnahrOFw/maxresdefault.jpg,
The Weeknd - Can't Feel My Face (Official Video) ,https://img.youtube.com/vi/KEI4qSrkPAs/maxresdefault.jpg,
Lukas Graham - 7 Years [Official Music Video] ,https://img.youtube.com/vi/LHCob76kigA/maxresdefault.jpg,
HA-ASH - Lo Aprend√≠ de Ti (Primera Fila - Hecho Realidad [En Vivo]) ,https://img.youtube.com/vi/Uws510cVia4/maxresdefault.jpg,
Alan Walker - Alone ,https://img.youtube.com/vi/1-xGerv5FOk/maxresdefault.jpg,
twenty one pilots - Ride (Official Video) ,https://img.youtube.com/vi/Pw-0pbY9JeU/maxresdefault.jpg,
Anuel AA. KAROL G - Secreto ,https://img.youtube.com/vi/gFZfwWZV074/maxresdefault.jpg,
Shakira - La La La (Brazil 2014) ft. Carlinhos Brown ,https://img.youtube.com/vi/7-7knsP2n5w/maxresdefault.jpg,
Arcangel x Bad Bunny X Dj Luian X Mambo Kingz - Tu No Vive Asi [Video oficial] ,https://img.youtube.com/vi/CUYrEiymUMY/maxresdefault.jpg,
Sia - Elastic Heart feat. Shia LaBeouf & Maddie Ziegler (Official Video) ,https://img.youtube.com/vi/KWZGAExj-es/maxresdefault.jpg,
Skrillex and Diplo - "Where Are √ú Now" with Justin Bieber (Official Video) ,https://img.youtube.com/vi/nntGTK2Fhb0/maxresdefault.jpg,
Mile Ho Tum - Reprise Version | Neha Kakkar | Tony Kakkar | Fever ,https://img.youtube.com/vi/N2-HsIYd0Go/maxresdefault.jpg,
Katy Perry - Bon App√©tit (Official) ft. Migos ,https://img.youtube.com/vi/dPI-mRFEIH0/maxresdefault.jpg,
The Cranberries - Zombie (Official Music Video) ,https://img.youtube.com/vi/6Ejga4kJUts/maxresdefault.jpg,
OFFICIAL Somewhere over the Rainbow - Israel "IZ" Kamakawiwo ªole ,https://img.youtube.com/vi/V1bFr2SWP1I/maxresdefault.jpg,
Ed Sheeran - Photograph (Official Music Video) ,https://img.youtube.com/vi/nSDgHBxUbVQ/maxresdefault.jpg,
Eminem - Lose Yourself [HD] ,https://img.youtube.com/vi/_Yhyp-_hX2s/maxresdefault.jpg,
Whitney Houston - I Will Always Love You (Official 4K Video) ,https://img.youtube.com/vi/3JWTaaS7LdU/maxresdefault.jpg,
Daddy Yankee - Limbo (Video Oficial) ,https://img.youtube.com/vi/6BTjG-dhf5s/maxresdefault.jpg,
Christian Nodal - Adi√≥s Amor (Video Oficial) ,https://img.youtube.com/vi/ETLoTxVVvjM/maxresdefault.jpg,
MC Kevinho - Olha a Explos√£o (KondZilla) | Official Music Video ,https://img.youtube.com/vi/3yd_eoMOvqk/maxresdefault.jpg,
Shakira - Can't Remember to Forget You (Official Video) ft. Rihanna ,https://img.youtube.com/vi/o3mP3mJDL2k/maxresdefault.jpg,
Osito Gominola - Full Spanish Version - The Gummy Bear Song ,https://img.youtube.com/vi/w7w59Zp8bEM/maxresdefault.jpg,
Billie Eilish - bad guy ,https://img.youtube.com/vi/DyDfgMOUjCI/maxresdefault.jpg,
OMI - Cheerleader (Felix Jaehn Remix) [Official Video] ,https://img.youtube.com/vi/jGflUbPQfW8/maxresdefault.jpg,
Chris Brown - Loyal (Official Video) ft. Lil Wayne. Tyga ,https://img.youtube.com/vi/JXRN_LkCa_o/maxresdefault.jpg,
Rick Astley - Never Gonna Give You Up (Official Music Video) ,https://img.youtube.com/vi/dQw4w9WgXcQ/maxresdefault.jpg,
Pitbull - Rain Over Me ft. Marc Anthony ,https://img.youtube.com/vi/SmM0653YvXU/maxresdefault.jpg,
SIMMBA: Aankh Marey Lyrical | Ranveer Singh. Sara Ali Khan | Tanishk Bagchi. Mika Singh. Neha. Kumar S ,https://img.youtube.com/vi/vu5-aKf_QqA/maxresdefault.jpg,
Miley Cyrus - Wrecking Ball (Official Video) ,https://img.youtube.com/vi/My2FRPA3Gf8/maxresdefault.jpg,
DILBAR Lyrical | Satyameva Jayate |John Abraham. Nora Fatehi. Tanishk B. Neha Kakkar. Dhvani. Ikka ,https://img.youtube.com/vi/JFcgOboQZ08/maxresdefault.jpg,
Enrique Iglesias - El Perdedor (Pop) ft. Marco Antonio Sol√≠s ,https://img.youtube.com/vi/tLcfAnN2QgY/maxresdefault.jpg,
BTS (Î∞©ÌÉÑÏÜåÎÖÑÎã®) 'MIC Drop (Steve Aoki Remix)' Official MV ,https://img.youtube.com/vi/kTlv5_Bs8aw/maxresdefault.jpg,
System Of A Down - Chop Suey! (Official HD Video) ,https://img.youtube.com/vi/CSvFpBOe8eY/maxresdefault.jpg,
J Balvin - 6 AM ft. Farruko (Official Video) ,https://img.youtube.com/vi/yUV9JwiQLog/maxresdefault.jpg,
Dwayne Johnson - You're Welcome (from Moana/Official Video) ,https://img.youtube.com/vi/79DijItQXMM/maxresdefault.jpg,
BLACKPINK - 'ÎßàÏßÄÎßâÏ≤òÎüº (AS IF IT'S YOUR LAST)' M/V ,https://img.youtube.com/vi/Amq-qlqbjYA/maxresdefault.jpg,
XXXTENTACION - SAD! ,https://img.youtube.com/vi/pgN-vvVVxMA/maxresdefault.jpg,
Naughty Boy - La la la ft. Sam Smith (Official Video) ,https://img.youtube.com/vi/3O1_3zBUKM8/maxresdefault.jpg,
Michael Jackson - Billie Jean (Official Video) ,https://img.youtube.com/vi/Zi_XLOBDo_Y/maxresdefault.jpg,
Clean Bandit - Symphony (feat. Zara Larsson) [Official Video] ,https://img.youtube.com/vi/aatr_2MstrI/maxresdefault.jpg,
Ariana Grande - Break Free ft. Zedd ,https://img.youtube.com/vi/L8eRzOYhLuw/maxresdefault.jpg,
Lil Pump - Gucci Gang [Official Music Video] ,https://img.youtube.com/vi/4LfJnj66HVQ/maxresdefault.jpg,
J.Geco - Chicken Song ,https://img.youtube.com/vi/msSc7Mv0QHY/maxresdefault.jpg,
Ariana Grande - 7 rings (Official Video) ,https://img.youtube.com/vi/QYh6mYIJG2Y/maxresdefault.jpg,
Nelly - Dilemma (Official Music Video) ft. Kelly Rowland ,https://img.youtube.com/vi/8WYHDfJDPDc/maxresdefault.jpg,
Migos - Bad and Boujee ft Lil Uzi Vert [Official Video] ,https://img.youtube.com/vi/S-sJp1FfG7Q/maxresdefault.jpg,
Lut Gaye (Full Song) Emraan Hashmi. Yukti | Jubin N. Tanishk B. Manoj M | Bhushan K | Radhika-Vinay ,https://img.youtube.com/vi/sCbbMZ-q4-I/maxresdefault.jpg,
Sam Smith - Stay With Me (Official Video) ,https://img.youtube.com/vi/pB-5XG-DbAA/maxresdefault.jpg,
Guru Randhawa: High Rated Gabru Official Song | DirectorGifty | Bhushan Kumar | T-Series ,https://img.youtube.com/vi/hjWf8A0YNSE/maxresdefault.jpg,
Zion & Lennox ft. J Balvin - Otra Vez (Video Oficial) ,https://img.youtube.com/vi/6R5i6wQCOCQ/maxresdefault.jpg,
Pharrell Williams - Happy (Official Music Video) ,https://img.youtube.com/vi/y6Sxv-sUYtM/maxresdefault.jpg,
Bruno Mars - When I Was Your Man (Official Music Video) ,https://img.youtube.com/vi/ekzHIouo8Q4/maxresdefault.jpg,
Los √Ångeles Azules - Mis Sentimientos ft. Ximena Sari√±ana (Live) ,https://img.youtube.com/vi/BokdSWC2R68/maxresdefault.jpg,
ZAYN - PILLOWTALK (Official Music Video) ,https://img.youtube.com/vi/C_3d6GntKbk/maxresdefault.jpg,
Metallica: Nothing Else Matters (Official Music Video) ,https://img.youtube.com/vi/tAGnKpE4NCI/maxresdefault.jpg,
DJ Snake. Lil Jon - Turn Down for What ,https://img.youtube.com/vi/HMUDVMiITOU/maxresdefault.jpg,
David Guetta - Play Hard ft. Ne-Yo. Akon (Official Video) ,https://img.youtube.com/vi/5dbEhBKGOtY/maxresdefault.jpg,
Katy Perry - Hot N Cold (Official) ,https://img.youtube.com/vi/kTHNpusq654/maxresdefault.jpg,
Bon Jovi - It's My Life (Official Music Video) ,https://img.youtube.com/vi/vx2u5uUu3DE/maxresdefault.jpg,
FILHALL | Akshay Kumar Ft Nupur Sanon | BPraak | Jaani | Arvindr Khaira | Ammy Virk | DESI MELODIES ,https://img.youtube.com/vi/hMy5za-m5Ew/maxresdefault.jpg,
Chino & Nacho - Me Voy Enamorando ft. Farruko (Remix) (Official Music Video) ,https://img.youtube.com/vi/0yr75-gxVtM/maxresdefault.jpg,
BTS (Î∞©ÌÉÑÏÜåÎÖÑÎã®) 'IDOL' Official MV ,https://img.youtube.com/vi/pBuZEGYXA6E/maxresdefault.jpg,
Iggy Azalea - Fancy ft. Charli XCX (Official Music Video) ,https://img.youtube.com/vi/O-zpOMYRi0w/maxresdefault.jpg,
Ariana Grande - no tears left to cry (Official Video) ,https://img.youtube.com/vi/ffxKSjUwKdU/maxresdefault.jpg,
Marc Anthony - Vivir Mi Vida (Official Video) ,https://img.youtube.com/vi/YXnjy5YlDwk/maxresdefault.jpg,
BTS (Î∞©ÌÉÑÏÜåÎÖÑÎã®) 'FAKE LOVE' Official MV ,https://img.youtube.com/vi/7C2z4GqqS5E/maxresdefault.jpg,
Travesuras - Nicky Jam | Video Oficial ,https://img.youtube.com/vi/OxxggwHFj7M/maxresdefault.jpg,
Bruno Mars - Grenade (Official Music Video) ,https://img.youtube.com/vi/SR6iYWJxHqs/maxresdefault.jpg,
Shawn Mendes - There's Nothing Holdin' Me Back ,https://img.youtube.com/vi/dT2owtxkU8k/maxresdefault.jpg,
Justin Bieber - Never Say Never (Official Music Video) ft. Jaden Smith ,https://img.youtube.com/vi/_Z5-P9v3F8w/maxresdefault.jpg,
DJ Snake - Let Me Love You ft. Justin Bieber (Official Video) ,https://img.youtube.com/vi/euCqAq6BRa4/maxresdefault.jpg,
AC/DC - Thunderstruck (Official Video) ,https://img.youtube.com/vi/v2AC41dglnM/maxresdefault.jpg,
BLACKPINK - 'How You Like That' M/V ,https://img.youtube.com/vi/ioNng23DkIM/maxresdefault.jpg,
Ylvis - The Fox (What Does The Fox Say?) [Official music video HD] ,https://img.youtube.com/vi/jofNR_WkoCE/maxresdefault.jpg,
Enrique Iglesias - DUELE EL CORAZON ft. Wisin ,https://img.youtube.com/vi/xFutjZEBTXs/maxresdefault.jpg,
Michel Tel√≥ - Ai Se Eu Te Pego -  Video Oficial (Assim voc√™ me mata) ,https://img.youtube.com/vi/hcm55lU9knw/maxresdefault.jpg,
DJ Khaled - Wild Thoughts (Official Video) ft. Rihanna. Bryson Tiller ,https://img.youtube.com/vi/fyaI4-5849w/maxresdefault.jpg,
Paulo Londra - Adan y Eva (Official Video) ,https://img.youtube.com/vi/aSjflT_J0Xo/maxresdefault.jpg,
Maluma - Sin Contrato (Official Video) ,https://img.youtube.com/vi/9xByMBYDRmY/maxresdefault.jpg,
Nicki Minaj - Anaconda ,https://img.youtube.com/vi/LDZX4ooRsWs/maxresdefault.jpg,
Bebe Rexha - Meant to Be (feat. Florida Georgia Line) [Official Music Video] ,https://img.youtube.com/vi/zDo0H8Fm7d0/maxresdefault.jpg,
Paulo Londra ft Lenny Tavarez - Nena Maldicion (Official Video) ,https://img.youtube.com/vi/bX3S-_jUauc/maxresdefault.jpg,
Maluma - Borro Cassette (Official Video) ,https://img.youtube.com/vi/Xk0wdDTTPA0/maxresdefault.jpg,
Backstreet Boys - I Want It That Way (Official HD Video) ,https://img.youtube.com/vi/4fndeDfaWCg/maxresdefault.jpg,
Shakira - Hips Don't Lie (Official 4K Video) ft. Wyclef Jean ,https://img.youtube.com/vi/DUT5rEU6pqM/maxresdefault.jpg,
Romeo Santos - Eres M√≠a ,https://img.youtube.com/vi/8iPcqtHoR3U/maxresdefault.jpg,
J Balvin BONITA feat. Jowell & Randy ,https://img.youtube.com/vi/eAqeed4INns/maxresdefault.jpg,
Cardi B - Bodak Yellow [OFFICIAL MUSIC VIDEO] ,https://img.youtube.com/vi/PEGccV-NOm8/maxresdefault.jpg,
Vaina Loca - Ozuna x Manuel Turizo (Video Oficial) ,https://img.youtube.com/vi/bx-fuY7LpSU/maxresdefault.jpg,
Cham Cham Full Video | BAAGHI | Tiger Shroff. Shraddha Kapoor| Meet Bros. Monali Thakur| Sabbir Khan ,https://img.youtube.com/vi/f6vY6tYvKGA/maxresdefault.jpg,
BAD BUNNY x JHAY CORTEZ - D√ÅKITI | EL √öLTIMO TOUR DEL MUNDO (Official Video) ,https://img.youtube.com/vi/TmKh7lAwnBI/maxresdefault.jpg,
Dynoro & Gigi D‚ÄôAgostino - In My Mind ,https://img.youtube.com/vi/W9P_qUnMaFg/maxresdefault.jpg,
Major Lazer - Cold Water (feat. Justin Bieber & M√ò) (Official Lyric Video) ,https://img.youtube.com/vi/a59gmGkq_pw/maxresdefault.jpg,
Ricardo Arjona - Fuiste t√∫ feat. Gaby Moreno (Video Oficial) ,https://img.youtube.com/vi/I9cCPQVPv8o/maxresdefault.jpg,
Reik - Me Niego ft. Ozuna. Wisin ,https://img.youtube.com/vi/JyqD_zfXfi8/maxresdefault.jpg,
Rihanna - We Found Love ft. Calvin Harris ,https://img.youtube.com/vi/tg00YEETFzg/maxresdefault.jpg,
Camila Cabello - Havana ft. Young Thug ,https://img.youtube.com/vi/BQ0mxQXmLsk/maxresdefault.jpg,
Myke Towers. Farruko. Arcangel. Sech & Zion - Si Se Da Remix (Video Oficial) ,https://img.youtube.com/vi/CbEst0K063c/maxresdefault.jpg,
DJ Snake ft. Justin Bieber - Let Me Love You [Lyric Video] ,https://img.youtube.com/vi/SMs0GnYze34/maxresdefault.jpg,
Coldplay - The Scientist (Official Video) ,https://img.youtube.com/vi/RB-RcX5DS5A/maxresdefault.jpg,
J Balvin - Safari ft. Pharrell Williams. BIA. Sky (Official Video) ,https://img.youtube.com/vi/JWESLtAKKlU/maxresdefault.jpg,
Cyndi Lauper - Girls Just Want To Have Fun (Official Video) ,https://img.youtube.com/vi/PIb6AZdTr-A/maxresdefault.jpg,
Rihanna - Stay ft. Mikky Ekko ,https://img.youtube.com/vi/JF8BRvqGCNs/maxresdefault.jpg,
Guru Randhawa: Lahore (Official Video) Bhushan Kumar | Vee | DirectorGifty | T-Series ,https://img.youtube.com/vi/dZ0fwJojhrs/maxresdefault.jpg,
Evanescence - Bring Me To Life (Official Music Video) ,https://img.youtube.com/vi/3YxaaGgTQYM/maxresdefault.jpg,
BLACKPINK - 'How You Like That' DANCE PERFORMANCE VIDEO ,https://img.youtube.com/vi/32si5cfrCNc/maxresdefault.jpg,