Luis Fonsi - Despacito ft. Daddy Yankee ,kJQP7kiw5Fk,
Johny Johny Yes Papa üë∂ THE BEST Song for Children | LooLoo Kids ,F4tHL8reNCs,
Ed Sheeran - Shape of You (Official Music Video) ,JGwWNGJdvx8,
Wiz Khalifa - See You Again ft. Charlie Puth [Official Video] Furious 7 Soundtrack ,RgKAFK5djSk,
Mark Ronson - Uptown Funk (Official Video) ft. Bruno Mars ,OPf0YbXqDm0,
PSY - GANGNAM STYLE(Í∞ïÎÇ®Ïä§ÌÉÄÏùº) M/V ,9bZkp7q19f0,
El Chombo - Dame Tu Cosita feat. Cutty Ranks (Official Video) [Ultra Music] ,FzG4uDgje3M,
Maroon 5 - Sugar (Official Music Video) ,09R8_2nJtjg,
Katy Perry - Roar (Official) ,CevxZvSJLk8,
Justin Bieber - Sorry (PURPOSE : The Movement) ,fRh_vgS2dFE,
OneRepublic - Counting Stars (Official Music Video) ,hT_nvWreIhg,
Ed Sheeran - Thinking Out Loud (Official Music Video) ,lp-EO5I60KA,
Maroon 5 - Girls Like You ft. Cardi B (Official Music Video) ,aJOTlE1K90k,
Alan Walker - Faded ,60ItHLz5WEA,
Katy Perry - Dark Horse (Official) ft. Juicy J ,0KSOMA3QBU0,
Crazy Frog - Axel F (Official Video) ,k85mRPqvMbE,
Passenger | Let Her Go (Official Video) ,RBumgq5yVrA,
Enrique Iglesias - Bailando ft. Descemer Bueno. Gente De Zona (Espa√±ol) ,NUsoVlDFqZg,
Major Lazer & DJ Snake - Lean On (feat. M√ò) (Official Music Video) ,YqeW9_5kURI,
Taylor Swift - Shake It Off ,nfWlot6h_JM,
Ed Sheeran - Perfect (Official Music Video) ,2Vv-BfVoq4g,
Shakira - Waka Waka (This Time for Africa) (The Official 2010 FIFA World Cup‚Ñ¢ Song) ,pRpeEdMmmQ0,
J Balvin. Willy William - Mi Gente (Official Video) ,wnJ6LuUFpMo,
Adele - Hello ,YQHsXMglC9A,
Taylor Swift - Blank Space ,e-ORhEE9VVg,
Charlie Puth - We Don't Talk Anymore (feat. Selena Gomez) [Official Video] ,3AtDnEC4zak,
The Chainsmokers - Closer (Lyric) ft. Halsey ,PT2_F-1esPk,
The Gummy Bear Song - Long English Version ,astISOttCQ0,
FROZEN | Let It Go Sing-along | Official Disney UK ,L0MK7qz13bU,
Shakira - Chantaje (Official Video) ft. Maluma ,6Mgqbai3fKo,
Justin Bieber - Baby (Official Music Video) ft. Ludacris ,kffacxfA7G4,
Clean Bandit - Rockabye (feat. Sean Paul & Anne-Marie) [Official Video] ,papuvlVeZg8,
Dua Lipa - New Rules (Official Music Video) ,k2qgadSvNyU,
Calvin Harris - This Is What You Came For (Official Video) ft. Rihanna ,kOkQ4T5WO9E,
Fifth Harmony - Work from Home (Official Video) ft. Ty Dolla $ign ,5GL9JoH4Sws,
Meghan Trainor - All About That Bass ,7PCkvCPvDXk,
Sia - Chandelier (Official Video) ,2vjPBrBU-TM,
twenty one pilots: Stressed Out [OFFICIAL VIDEO] ,pXRviuL6vMY,
Pedro Cap√≥. Farruko - Calma (Remix - Official Video) ,1_zgKRBrT0Y,
Daddy Yankee & Snow - Con Calma (Official Video) ,DiItGE3eAyQ,
Eminem - Love The Way You Lie ft. Rihanna ,uelHwf8o7_U,
Natti Natasha ‚ùå Ozuna - Criminal [Official Video] ,VqEbCxg2bNI,
Casper. Nio Garc√≠a. Darell. Nicky Jam. Bad Bunny. Ozuna - Te Bote Remix (Video Oficial) ,9jI-z9QN6g8,
Bruno Mars - The Lazy Song (Official Music Video) ,fLexgOxsZu0,
DJ Snake - Taki Taki ft. Selena Gomez. Ozuna. Cardi B (Official Music Video) ,ixkoVwKQaJg,
Ellie Goulding - Love Me Like You Do (Official Video) ,AJtDXIazrMo,
‡§∂‡•ç‡§∞‡•Ä ‡§π‡§®‡•Å‡§Æ‡§æ‡§® ‡§ö‡§æ‡§≤‡•Ä‡§∏‡§æ Hanuman Chalisa I GULSHAN KUMAR I HARIHARAN. Full HD Video. Shree Hanuman Chalisa ,AETFvQonfV8,
Marshmello - Alone (Official Music Video) ,ALZHF5UqnU4,
Shawn Mendes - Treat You Better ,lY2yjAdbvdQ,
MAGIC! - Rude (Official Video) ,PIh2xe4jnpk,
Justin Bieber - What Do You Mean? (Official Music Video) ,DK_0jXPuIr0,
Luis Fonsi. Demi Lovato - √âchame La Culpa (Video Oficial) ,TyHvyGVs42U,
Imagine Dragons - Believer ,7wtfhZwyrcc,
Avicii - Wake Me Up (Official Video) ,IcrbM1l_BoI,
LMFAO ft. Lauren Bennett. GoonRock - Party Rock Anthem (Official Video) ,KQ6zr6kCPj8,
Becky G. Bad Bunny - Mayores (Official Video) ,GMFewiplIbw,
John Legend - All of Me (Official Video) ,450p7goxZqg,
Nicky Jam x J. Balvin - X (EQUIS) | Video Oficial | Prod. Afro Bros & Jeon ,_I_D_8Z4sJE,
Fifth Harmony - Worth It (Official Video) ft. Kid Ink ,YBHQbu5rbdQ,
The Chainsmokers & Coldplay - Something Just Like This (Lyric) ,FM7MFYoylVs,
Christina Perri - A Thousand Years [Official Music Video] ,rtOvBOTyX00,
The Weeknd - Starboy ft. Daft Punk (Official Video) ,34Na4j8AVgA,
Future - Life Is Good (Official Music Video) ft. Drake ,l0U7SxXHkPY,
Becky G. Natti Natasha - Sin Pijama (Official Video) ,zEf423kYfqk,
Ariana Grande ft. Nicki Minaj - Side To Side (Official Video) ft. Nicki Minaj ,SXiSVQZLje8,
Adele - Rolling in the Deep (Official Music Video) ,rYEDA3JcQqw,
Bruno Mars - That‚Äôs What I Like (Official Music Video) ,PMivT7MJ41M,
ROSAL√çA. J Balvin - Con Altura (Official Video) ft. El Guincho ,p7bfOZek9t4,
Rihanna - Diamonds ,lWA2pjMjpBs,
Jennifer Lopez - On The Floor ft. Pitbull ,t4H_Zoh7G5A,
Camila Cabello - Havana (Audio) ft. Young Thug ,HCjNJDNzw8Y,
Gotye - Somebody That I Used To Know (feat. Kimbra) [Official Music Video] ,8UVNT4wvIGY,
Silent√≥ - Watch Me (Whip/Nae Nae) (Official) ,vjW8wmF5VWc,
Romeo Santos - Propuesta Indecente (Official Video) ,QFs3PIZb3js,
J. Balvin - Ay Vamos (Official Video) ,TapXs54Ah3E,
Adele - Someone Like You (Official Music Video) ,hLQl3WQQoQ0,
Anuel AA. Daddy Yankee. Karol G. Ozuna & J Balvin - China (Video Oficial) ,0VR3dfZf9Yg,
Guns N' Roses - November Rain ,8SbUC-UaAxE,
Drake - Hotline Bling ,uxpDa-c-4Mc,
BLACKPINK - ‚ÄòÎöúÎëêÎöúÎëê (DDU-DU DDU-DU)‚Äô M/V ,IHNzOHi8sJs,
Daddy Yankee  - Dura (Official Video) ,sGIm0-dQd8M,
twenty one pilots: Heathens (from Suicide Squad: The Album) [OFFICIAL VIDEO] ,UprcpdwuwCg,
ZAYN - Dusk Till Dawn (Official Video) ft. Sia ,tt2k8PGm-TI,
The Chainsmokers - Don't Let Me Down (Official Video) ft. Daya ,Io0fBr1XBUA,
TONES AND I - DANCE MONKEY (OFFICIAL VIDEO) ,q0hyYWKXF0Q,
The Weeknd - The Hills (Official Video) ,yzTuBuRdAyA,
Imagine Dragons - Thunder ,fKopy74weus,
Jessie J. Ariana Grande. Nicki Minaj - Bang Bang (Official Video) ,0HDdjwpPM3Y,
Ricky Martin - Vente Pa' Ca (Official Video) ft. Maluma ,iOe6dI2JhgU,
Maluma - Felices los 4 (Official Video) ,t_jHrUE5IOk,
Numb [Official Music Video] - Linkin Park ,kXYiU_JCYtU,
Jhay Cortez. J. Balvin. Bad Bunny - No Me Conoce (Remix) ,w2C6RhQBYlg,
Post Malone. Swae Lee - Sunflower (Spider-Man: Into the Spider-Verse) ,ApXoWvfEYVU,
Piso 21 - D√©jala Que Vuelva (feat. Manuel Turizo) [Video Oficial] ,y7d9VLRO3vc,
Sia - Cheap Thrills (Lyric Video) ft. Sean Paul ,nYh-n7EOtMA,
Ozuna x Romeo Santos - El Farsante (Remix) (Video Oficial) ,wfWkmURBNv8,
Bruno Mars - Just The Way You Are (Official Music Video) ,LjhCEhWiKXk,
MC Fioti - Bum Bum Tam Tam (KondZilla) | Official Music Video ,_P7S2lKif-A,
CNCO - Reggaet√≥n Lento (Bailemos) ,7jpqqBX-Myw,
Chino y Nacho - Andas En Mi Cabeza ft. Daddy Yankee (Video Oficial) ,AMTAQ-AJS4Y,
Jason Derulo - Swalla (feat. Nicki Minaj & Ty Dolla $ign) [Official Music Video] ,NGLxoKOvzu4,
MACKLEMORE & RYAN LEWIS - THRIFT SHOP FEAT. WANZ (OFFICIAL VIDEO) ,QK8mJJJvaes,
Justin Bieber - Love Yourself (Official Music Video) ,oyEuk8j8imI,
DJ Khaled - I'm The One ft. Justin Bieber. Quavo. Chance the Rapper. Lil Wayne ,weeI1G46q0o,
Eminem - Not Afraid (Official Video) ,j5-yKhDd64s,
Daddy Yankee - Shaky Shaky (Official Video) ,aKuivabiOns,
Danny Ocean -  Me Reh√∫so (Official Audio) ,aDCcLQto5BM,
Coldplay - Hymn For The Weekend (Official Video) ,YykjpeuMNEk,
Maluma - Coraz√≥n (Official Video) ft. Nego do Borel ,GmHrjFIWl6U,
Una Lady Como T√∫ - MTZ Manuel Turizo | Video Oficial ,VYtJAuoZxcc,
David Guetta - Titanium ft. Sia (Official Video) ,JRfuAukYTKg,
Martin Garrix - Animals (Official Video) ,gCYcHz2k5x0,
Coldplay - Paradise (Official Video) ,1G4isv_Fylg,
David Guetta - Hey Mama (Official Video) ft Nicki Minaj. Bebe Rexha & Afrojack ,uO59tfQ2TbA,
Ozuna - Se Prepar√≥ (Video Oficial) | Odisea ,KWGrPNqz4uc,
CAN'T STOP THE FEELING! (from DreamWorks Animation's "TROLLS") (Official Video) ,ru0K8uYEZWw,
Lady Gaga - Bad Romance (Official Music Video) ,qrO4YZeyl0I,
Calvin Harris - Summer (Official Video) ,ebXbLfLACGM,
BLACKPINK - 'Kill This Love' M/V ,2S24-y0Ij3Y,
22. Hasta el Amanecer - Nicky Jam | Video Oficial ,kkx-7fsiWgg,
Carlos Vives. Sebasti√°n Yatra - Robarte un Beso (Official Video) ,Mtau4v6foHA,
Ellie Goulding - Burn (Official Video) ,CGyEd0aKWZE,
Calvin Harris & Disciples - How Deep Is Your Love ,EgqUJOudrcM,
Carlos Vives. Shakira - La Bicicleta ,-UV0QGLmYys,
Taylor Swift - Bad Blood ft. Kendrick Lamar ,QcIy9NiNbmo,
Bruno Mars - 24K Magic (Official Music Video) ,UqyT8IEBkvY,
PSY - GENTLEMAN M/V ,ASO_zypdnsQ,
Billie Eilish. Khalid - lovely ,V1Pl8CzNzCw,
Los √Ångeles Azules - Nunca Es Suficiente ft. Natalia Lafourcade (Live) ,k76BgIb89-s,
Queen ‚Äì Bohemian Rhapsody (Official Video Remastered) ,fJ9rUzIMcZQ,
PULCINO PIO - El Pollito Pio (Official video) ,dhsy6epaJGs,
BTS (Î∞©ÌÉÑÏÜåÎÖÑÎã®) 'ÏûëÏùÄ Í≤ÉÎì§ÏùÑ ÏúÑÌïú Ïãú (Boy With Luv) (feat. Halsey)' Official MV ,XsX3ATc3FbA,
Mike Posner - I Took A Pill In Ibiza (Seeb Remix) (Explicit) ,foE1mO2yM04,
Sam Smith - I'm Not The Only One (Official Video) ,nCkpzqqog4k,
Cardi B. Bad Bunny & J Balvin - I Like It [Official Music Video] ,xTlNMmZKwpA,
Rag'n'Bone Man - Human (Official Video) ,L3wKzyIN1yk,
Nirvana - Smells Like Teen Spirit (Official Music Video) ,hTWKbfoikeg,
Carly Rae Jepsen - Call Me Maybe ,fWNaR-rxAic,
Shawn Mendes - Stitches (Official Video) ,VbfpW0pbvaU,
Lehanga : Jass Manak (Official Video) Satti Dhillon | Latest Punjabi Songs | GK DIGITAL | Geet MP3 ,RKioDWlajvo,
Post Malone - Congratulations ft. Quavo ,SC4xMk98Pdc,
Wisin - Esc√°pate Conmigo (Official Video) ft. Ozuna ,3X9wEwulYhk,
a-ha - Take On Me (Official Video) [Remastered in 4K] ,djV11Xbc914,
BTS (Î∞©ÌÉÑÏÜåÎÖÑÎã®) 'DNA' Official MV ,MBdVXkSdhwU,
Gente de Zona - La Gozadera (Official Video) ft. Marc Anthony ,VMp55KH_3wo,
Drake - God's Plan ,xpVfcZ0ZcFM,
Katy Perry - Last Friday Night (T.G.I.F.) (Official Music Video) ,KlyXNRrsk4A,
James Arthur - Say You Won't Let Go ,0yW7w8F2TVA,
Enrique Iglesias - SUBEME LA RADIO (Official Video) ft. Descemer Bueno. Zion & Lennox ,9sg-A-eS6Ig,
BTS (Î∞©ÌÉÑÏÜåÎÖÑÎã®) 'Dynamite' Official MV ,gdZLi9oWNZg,
Laung Laachi Title Song  Mannat Noor | Ammy Virk. Neeru Bajwa Amberdeep | Latest Punjabi Movie 2018 ,YpkJO_GrCo0,
El Amante - Nicky Jam (Video Oficial)  (√Ålbum F√©nix) ,YG2p6XBuSKA,
P!nk - Just Give Me A Reason ft. Nate Ruess ,OpQFFLBMEPI,
BLACKPINK - 'Î∂êÎ∞îÏïº (BOOMBAYAH)' M/V ,bwmSjveL3Lc,
50 Cent - In Da Club (Official Music Video) ,5qm8PH4xAss,
Vaaste Song: Dhvani Bhanushali. Tanishk Bagchi | Nikhil D | Bhushan Kumar | Radhika Rao. Vinay Sapru ,BBAyRBTfsOU,
21. El Perd√≥n - Nicky Jam y Enrique Iglesias  [Official Music Video YTMAs] ,hXI8RQYC36Q,
Imagine Dragons - Radioactive ,ktvTqknDobU,
Katy Perry - Firework (Official Music Video) ,QGJuMBdaqIw,
French Montana - Unforgettable ft. Swae Lee ,CTFtOOh47oo,
Shawn Mendes. Camila Cabello - Se√±orita ,Pkh8UtuejGw,
Pitbull - Timber (Official Video) ft. Ke$ha ,hHUbLv4ThOo,
Guns N' Roses - Sweet Child O' Mine (Official Music Video) ,1w7OgIMMRc4,
Charlie Puth - Attention [Official Video] ,nfs8NYg7yQM,
52 GAJ KA DAMAN | PRANJAL DAHIYA | AMAN JAJI | RENUKA PANWAR  | MUKESH JAJI | SAHIL SANDHU ,CZt-rVn2BJs,
Alex Rose  ft. Cazzu. Lenny Tavarez. Lyanno & Rauw Alejandro - Toda (Remix) [Video Oficial] ,lKDGxAHZt0E,
One Direction - What Makes You Beautiful (Official Video) ,QJO3ROT-A4E,
Thalia. Natti Natasha - No Me Acuerdo (Official Video) ,iQEVguV71sI,
In The End [Official HD Music Video] - Linkin Park ,eVTXPUF4Oz4,
Eminem - Without Me (Official Music Video) ,YVkUvmDQ3HY,
Sam Smith - Too Good At Goodbyes (Official Video) ,J_ub7Etch2U,
Ariana Grande ft. Iggy Azalea - Problem (Official Video) ,iS1g8G_njx8,
Maari 2 - Rowdy Baby (Video Song) | Dhanush. Sai Pallavi | Yuvan Shankar Raja | Balaji Mohan ,x6Q7c9RyMzk,
AronChupa. Little Sis Nora - I'm an Albatraoz | OFFICIAL VIDEO ,Bznxx12Ptl0,
Taylor Swift - Look What You Made Me Do ,3tmd-ClpJxA,
Chris Jedi - Ahora Dice (Official Video) ft. J. Balvin. Ozuna. Arc√°ngel ,c73Cu3TQnlg,
Joey Montana - Picky ,RqpKDkVzlqU,
KAROL G. Nicki Minaj - Tusa (Official Video) ,tbneQDc2H3I,
Prince Royce - Darte un Beso ,bdOXnTbyk0g,
Arctic Monkeys - Do I Wanna Know? (Official Video) ,bpOSxM0rNPM,
Tyga - Taste (Official Video) ft. Offset ,LjxulQ1bEWg,
Taylor Swift - You Belong With Me ,VuNIsY6JdUw,
BAD BUNNY x DRAKE - M√çA (Official Video) ,OSUxrSe5GbI,
Coldplay - Adventure Of A Lifetime (Official Video) ,QtXby3twMmI,
Eminem - Rap God (Explicit) ,XbGs_qK2PQA,
Lady Gaga. Bradley Cooper - Shallow (from A Star Is Born) (Official Music Video) ,bo_efYhYU2A,
BEBE - 6ix9ine Ft. Anuel AA (Prod. By Ronny J) (Official Music Video) ,ycV6cnK3SIs,
Don Omar - Danza Kuduro ft. Lucenzo ,7zp1TbLFPp8,
Rihanna - Work (Explicit) ft. Drake ,HL1UzIK-flA,
Maluma - El Perdedor (Official Video) ,PJniSb91tvo,
4 Non Blondes - What's Up (Official Music Video) ,6NXnxTNIWkc,
Beyonc√© - Halo ,bnVUHWCynig,
Rahat Fateh Ali Khan - Zaroori Tha ,6-n_szx2XRE,
Ricky Martin - La Mordidita (Official Video) ft. Yotuel ,lBztnahrOFw,
The Weeknd - Can't Feel My Face (Official Video) ,KEI4qSrkPAs,
Lukas Graham - 7 Years [Official Music Video] ,LHCob76kigA,
HA-ASH - Lo Aprend√≠ de Ti (Primera Fila - Hecho Realidad [En Vivo]) ,Uws510cVia4,
Alan Walker - Alone ,1-xGerv5FOk,
twenty one pilots - Ride (Official Video) ,Pw-0pbY9JeU,
Anuel AA. KAROL G - Secreto ,gFZfwWZV074,
Shakira - La La La (Brazil 2014) ft. Carlinhos Brown ,7-7knsP2n5w,
Arcangel x Bad Bunny X Dj Luian X Mambo Kingz - Tu No Vive Asi [Video oficial] ,CUYrEiymUMY,
Sia - Elastic Heart feat. Shia LaBeouf & Maddie Ziegler (Official Video) ,KWZGAExj-es,
Skrillex and Diplo - "Where Are √ú Now" with Justin Bieber (Official Video) ,nntGTK2Fhb0,
Mile Ho Tum - Reprise Version | Neha Kakkar | Tony Kakkar | Fever ,N2-HsIYd0Go,
Katy Perry - Bon App√©tit (Official) ft. Migos ,dPI-mRFEIH0,
The Cranberries - Zombie (Official Music Video) ,6Ejga4kJUts,
OFFICIAL Somewhere over the Rainbow - Israel "IZ" Kamakawiwo ªole ,V1bFr2SWP1I,
Ed Sheeran - Photograph (Official Music Video) ,nSDgHBxUbVQ,
Eminem - Lose Yourself [HD] ,_Yhyp-_hX2s,
Whitney Houston - I Will Always Love You (Official 4K Video) ,3JWTaaS7LdU,
Daddy Yankee - Limbo (Video Oficial) ,6BTjG-dhf5s,
Christian Nodal - Adi√≥s Amor (Video Oficial) ,ETLoTxVVvjM,
MC Kevinho - Olha a Explos√£o (KondZilla) | Official Music Video ,3yd_eoMOvqk,
Shakira - Can't Remember to Forget You (Official Video) ft. Rihanna ,o3mP3mJDL2k,
Osito Gominola - Full Spanish Version - The Gummy Bear Song ,w7w59Zp8bEM,
Billie Eilish - bad guy ,DyDfgMOUjCI,
OMI - Cheerleader (Felix Jaehn Remix) [Official Video] ,jGflUbPQfW8,
Chris Brown - Loyal (Official Video) ft. Lil Wayne. Tyga ,JXRN_LkCa_o,
Rick Astley - Never Gonna Give You Up (Official Music Video) ,dQw4w9WgXcQ,
Pitbull - Rain Over Me ft. Marc Anthony ,SmM0653YvXU,
SIMMBA: Aankh Marey Lyrical | Ranveer Singh. Sara Ali Khan | Tanishk Bagchi. Mika Singh. Neha. Kumar S ,vu5-aKf_QqA,
Miley Cyrus - Wrecking Ball (Official Video) ,My2FRPA3Gf8,
DILBAR Lyrical | Satyameva Jayate |John Abraham. Nora Fatehi. Tanishk B. Neha Kakkar. Dhvani. Ikka ,JFcgOboQZ08,
Enrique Iglesias - El Perdedor (Pop) ft. Marco Antonio Sol√≠s ,tLcfAnN2QgY,
BTS (Î∞©ÌÉÑÏÜåÎÖÑÎã®) 'MIC Drop (Steve Aoki Remix)' Official MV ,kTlv5_Bs8aw,
System Of A Down - Chop Suey! (Official HD Video) ,CSvFpBOe8eY,
J Balvin - 6 AM ft. Farruko (Official Video) ,yUV9JwiQLog,
Dwayne Johnson - You're Welcome (from Moana/Official Video) ,79DijItQXMM,
BLACKPINK - 'ÎßàÏßÄÎßâÏ≤òÎüº (AS IF IT'S YOUR LAST)' M/V ,Amq-qlqbjYA,
XXXTENTACION - SAD! ,pgN-vvVVxMA,
Naughty Boy - La la la ft. Sam Smith (Official Video) ,3O1_3zBUKM8,
Michael Jackson - Billie Jean (Official Video) ,Zi_XLOBDo_Y,
Clean Bandit - Symphony (feat. Zara Larsson) [Official Video] ,aatr_2MstrI,
Ariana Grande - Break Free ft. Zedd ,L8eRzOYhLuw,
Lil Pump - Gucci Gang [Official Music Video] ,4LfJnj66HVQ,
J.Geco - Chicken Song ,msSc7Mv0QHY,
Ariana Grande - 7 rings (Official Video) ,QYh6mYIJG2Y,
Nelly - Dilemma (Official Music Video) ft. Kelly Rowland ,8WYHDfJDPDc,
Migos - Bad and Boujee ft Lil Uzi Vert [Official Video] ,S-sJp1FfG7Q,
Lut Gaye (Full Song) Emraan Hashmi. Yukti | Jubin N. Tanishk B. Manoj M | Bhushan K | Radhika-Vinay ,sCbbMZ-q4-I,
Sam Smith - Stay With Me (Official Video) ,pB-5XG-DbAA,
Guru Randhawa: High Rated Gabru Official Song | DirectorGifty | Bhushan Kumar | T-Series ,hjWf8A0YNSE,
Zion & Lennox ft. J Balvin - Otra Vez (Video Oficial) ,6R5i6wQCOCQ,
Pharrell Williams - Happy (Official Music Video) ,y6Sxv-sUYtM,
Bruno Mars - When I Was Your Man (Official Music Video) ,ekzHIouo8Q4,
Los √Ångeles Azules - Mis Sentimientos ft. Ximena Sari√±ana (Live) ,BokdSWC2R68,
ZAYN - PILLOWTALK (Official Music Video) ,C_3d6GntKbk,
Metallica: Nothing Else Matters (Official Music Video) ,tAGnKpE4NCI,
DJ Snake. Lil Jon - Turn Down for What ,HMUDVMiITOU,
David Guetta - Play Hard ft. Ne-Yo. Akon (Official Video) ,5dbEhBKGOtY,
Katy Perry - Hot N Cold (Official) ,kTHNpusq654,
Bon Jovi - It's My Life (Official Music Video) ,vx2u5uUu3DE,
FILHALL | Akshay Kumar Ft Nupur Sanon | BPraak | Jaani | Arvindr Khaira | Ammy Virk | DESI MELODIES ,hMy5za-m5Ew,
Chino & Nacho - Me Voy Enamorando ft. Farruko (Remix) (Official Music Video) ,0yr75-gxVtM,
BTS (Î∞©ÌÉÑÏÜåÎÖÑÎã®) 'IDOL' Official MV ,pBuZEGYXA6E,
Iggy Azalea - Fancy ft. Charli XCX (Official Music Video) ,O-zpOMYRi0w,
Ariana Grande - no tears left to cry (Official Video) ,ffxKSjUwKdU,
Marc Anthony - Vivir Mi Vida (Official Video) ,YXnjy5YlDwk,
BTS (Î∞©ÌÉÑÏÜåÎÖÑÎã®) 'FAKE LOVE' Official MV ,7C2z4GqqS5E,
Travesuras - Nicky Jam | Video Oficial ,OxxggwHFj7M,
Bruno Mars - Grenade (Official Music Video) ,SR6iYWJxHqs,
Shawn Mendes - There's Nothing Holdin' Me Back ,dT2owtxkU8k,
Justin Bieber - Never Say Never (Official Music Video) ft. Jaden Smith ,_Z5-P9v3F8w,
DJ Snake - Let Me Love You ft. Justin Bieber (Official Video) ,euCqAq6BRa4,
AC/DC - Thunderstruck (Official Video) ,v2AC41dglnM,
BLACKPINK - 'How You Like That' M/V ,ioNng23DkIM,
Ylvis - The Fox (What Does The Fox Say?) [Official music video HD] ,jofNR_WkoCE,
Enrique Iglesias - DUELE EL CORAZON ft. Wisin ,xFutjZEBTXs,
Michel Tel√≥ - Ai Se Eu Te Pego -  Video Oficial (Assim voc√™ me mata) ,hcm55lU9knw,
DJ Khaled - Wild Thoughts (Official Video) ft. Rihanna. Bryson Tiller ,fyaI4-5849w,
Paulo Londra - Adan y Eva (Official Video) ,aSjflT_J0Xo,
Maluma - Sin Contrato (Official Video) ,9xByMBYDRmY,
Nicki Minaj - Anaconda ,LDZX4ooRsWs,
Bebe Rexha - Meant to Be (feat. Florida Georgia Line) [Official Music Video] ,zDo0H8Fm7d0,
Paulo Londra ft Lenny Tavarez - Nena Maldicion (Official Video) ,bX3S-_jUauc,
Maluma - Borro Cassette (Official Video) ,Xk0wdDTTPA0,
Backstreet Boys - I Want It That Way (Official HD Video) ,4fndeDfaWCg,
Shakira - Hips Don't Lie (Official 4K Video) ft. Wyclef Jean ,DUT5rEU6pqM,
Romeo Santos - Eres M√≠a ,8iPcqtHoR3U,
J Balvin BONITA feat. Jowell & Randy ,eAqeed4INns,
Cardi B - Bodak Yellow [OFFICIAL MUSIC VIDEO] ,PEGccV-NOm8,
Vaina Loca - Ozuna x Manuel Turizo (Video Oficial) ,bx-fuY7LpSU,
Cham Cham Full Video | BAAGHI | Tiger Shroff. Shraddha Kapoor| Meet Bros. Monali Thakur| Sabbir Khan ,f6vY6tYvKGA,
BAD BUNNY x JHAY CORTEZ - D√ÅKITI | EL √öLTIMO TOUR DEL MUNDO (Official Video) ,TmKh7lAwnBI,
Dynoro & Gigi D‚ÄôAgostino - In My Mind ,W9P_qUnMaFg,
Major Lazer - Cold Water (feat. Justin Bieber & M√ò) (Official Lyric Video) ,a59gmGkq_pw,
Ricardo Arjona - Fuiste t√∫ feat. Gaby Moreno (Video Oficial) ,I9cCPQVPv8o,
Reik - Me Niego ft. Ozuna. Wisin ,JyqD_zfXfi8,
Rihanna - We Found Love ft. Calvin Harris ,tg00YEETFzg,
Camila Cabello - Havana ft. Young Thug ,BQ0mxQXmLsk,
Myke Towers. Farruko. Arcangel. Sech & Zion - Si Se Da Remix (Video Oficial) ,CbEst0K063c,
DJ Snake ft. Justin Bieber - Let Me Love You [Lyric Video] ,SMs0GnYze34,
Coldplay - The Scientist (Official Video) ,RB-RcX5DS5A,
J Balvin - Safari ft. Pharrell Williams. BIA. Sky (Official Video) ,JWESLtAKKlU,
Cyndi Lauper - Girls Just Want To Have Fun (Official Video) ,PIb6AZdTr-A,
Rihanna - Stay ft. Mikky Ekko ,JF8BRvqGCNs,
Guru Randhawa: Lahore (Official Video) Bhushan Kumar | Vee | DirectorGifty | T-Series ,dZ0fwJojhrs,
Evanescence - Bring Me To Life (Official Music Video) ,3YxaaGgTQYM,
BLACKPINK - 'How You Like That' DANCE PERFORMANCE VIDEO ,32si5cfrCNc,