Luis Fonsi - Despacito ft. Daddy Yankee ,
Johny Johny Yes Papa üë∂ THE BEST Song for Children | LooLoo Kids ,
Ed Sheeran - Shape of You (Official Music Video) ,
Wiz Khalifa - See You Again ft. Charlie Puth [Official Video] Furious 7 Soundtrack ,
Mark Ronson - Uptown Funk (Official Video) ft. Bruno Mars ,
PSY - GANGNAM STYLE(Í∞ïÎÇ®Ïä§ÌÉÄÏùº) M/V ,
El Chombo - Dame Tu Cosita feat. Cutty Ranks (Official Video) [Ultra Music] ,
Maroon 5 - Sugar (Official Music Video) ,
Katy Perry - Roar (Official) ,
Justin Bieber - Sorry (PURPOSE : The Movement) ,
OneRepublic - Counting Stars (Official Music Video) ,
Ed Sheeran - Thinking Out Loud (Official Music Video) ,
Maroon 5 - Girls Like You ft. Cardi B (Official Music Video) ,
Alan Walker - Faded ,
Katy Perry - Dark Horse (Official) ft. Juicy J ,
Crazy Frog - Axel F (Official Video) ,
Passenger | Let Her Go (Official Video) ,
Enrique Iglesias - Bailando ft. Descemer Bueno. Gente De Zona (Espa√±ol) ,
Major Lazer & DJ Snake - Lean On (feat. M√ò) (Official Music Video) ,
Taylor Swift - Shake It Off ,
Ed Sheeran - Perfect (Official Music Video) ,
Shakira - Waka Waka (This Time for Africa) (The Official 2010 FIFA World Cup‚Ñ¢ Song) ,
J Balvin. Willy William - Mi Gente (Official Video) ,
Adele - Hello ,
Taylor Swift - Blank Space ,
Charlie Puth - We Don't Talk Anymore (feat. Selena Gomez) [Official Video] ,
The Chainsmokers - Closer (Lyric) ft. Halsey ,
The Gummy Bear Song - Long English Version ,
FROZEN | Let It Go Sing-along | Official Disney UK ,
Shakira - Chantaje (Official Video) ft. Maluma ,
Justin Bieber - Baby (Official Music Video) ft. Ludacris ,
Clean Bandit - Rockabye (feat. Sean Paul & Anne-Marie) [Official Video] ,
Dua Lipa - New Rules (Official Music Video) ,
Calvin Harris - This Is What You Came For (Official Video) ft. Rihanna ,
Fifth Harmony - Work from Home (Official Video) ft. Ty Dolla $ign ,
Meghan Trainor - All About That Bass ,
Sia - Chandelier (Official Video) ,
twenty one pilots: Stressed Out [OFFICIAL VIDEO] ,
Pedro Cap√≥. Farruko - Calma (Remix - Official Video) ,
Daddy Yankee & Snow - Con Calma (Official Video) ,
Eminem - Love The Way You Lie ft. Rihanna ,
Natti Natasha ‚ùå Ozuna - Criminal [Official Video] ,
Casper. Nio Garc√≠a. Darell. Nicky Jam. Bad Bunny. Ozuna - Te Bote Remix (Video Oficial) ,
Bruno Mars - The Lazy Song (Official Music Video) ,
DJ Snake - Taki Taki ft. Selena Gomez. Ozuna. Cardi B (Official Music Video) ,
Ellie Goulding - Love Me Like You Do (Official Video) ,
‡§∂‡•ç‡§∞‡•Ä ‡§π‡§®‡•Å‡§Æ‡§æ‡§® ‡§ö‡§æ‡§≤‡•Ä‡§∏‡§æ Hanuman Chalisa I GULSHAN KUMAR I HARIHARAN. Full HD Video. Shree Hanuman Chalisa ,
Marshmello - Alone (Official Music Video) ,
Shawn Mendes - Treat You Better ,
MAGIC! - Rude (Official Video) ,
Justin Bieber - What Do You Mean? (Official Music Video) ,
Luis Fonsi. Demi Lovato - √âchame La Culpa (Video Oficial) ,
Imagine Dragons - Believer ,
Avicii - Wake Me Up (Official Video) ,
LMFAO ft. Lauren Bennett. GoonRock - Party Rock Anthem (Official Video) ,
Becky G. Bad Bunny - Mayores (Official Video) ,
John Legend - All of Me (Official Video) ,
Nicky Jam x J. Balvin - X (EQUIS) | Video Oficial | Prod. Afro Bros & Jeon ,
Fifth Harmony - Worth It (Official Video) ft. Kid Ink ,
The Chainsmokers & Coldplay - Something Just Like This (Lyric) ,
Christina Perri - A Thousand Years [Official Music Video] ,
The Weeknd - Starboy ft. Daft Punk (Official Video) ,
Future - Life Is Good (Official Music Video) ft. Drake ,
Becky G. Natti Natasha - Sin Pijama (Official Video) ,
Ariana Grande ft. Nicki Minaj - Side To Side (Official Video) ft. Nicki Minaj ,
Adele - Rolling in the Deep (Official Music Video) ,
Bruno Mars - That‚Äôs What I Like (Official Music Video) ,
ROSAL√çA. J Balvin - Con Altura (Official Video) ft. El Guincho ,
Rihanna - Diamonds ,
Jennifer Lopez - On The Floor ft. Pitbull ,
Camila Cabello - Havana (Audio) ft. Young Thug ,
Gotye - Somebody That I Used To Know (feat. Kimbra) [Official Music Video] ,
Silent√≥ - Watch Me (Whip/Nae Nae) (Official) ,
Romeo Santos - Propuesta Indecente (Official Video) ,
J. Balvin - Ay Vamos (Official Video) ,
Adele - Someone Like You (Official Music Video) ,
Anuel AA. Daddy Yankee. Karol G. Ozuna & J Balvin - China (Video Oficial) ,
Guns N' Roses - November Rain ,
Drake - Hotline Bling ,
BLACKPINK - ‚ÄòÎöúÎëêÎöúÎëê (DDU-DU DDU-DU)‚Äô M/V ,
Daddy Yankee  - Dura (Official Video) ,
twenty one pilots: Heathens (from Suicide Squad: The Album) [OFFICIAL VIDEO] ,
ZAYN - Dusk Till Dawn (Official Video) ft. Sia ,
The Chainsmokers - Don't Let Me Down (Official Video) ft. Daya ,
TONES AND I - DANCE MONKEY (OFFICIAL VIDEO) ,
The Weeknd - The Hills (Official Video) ,
Imagine Dragons - Thunder ,
Jessie J. Ariana Grande. Nicki Minaj - Bang Bang (Official Video) ,
Ricky Martin - Vente Pa' Ca (Official Video) ft. Maluma ,
Maluma - Felices los 4 (Official Video) ,
Numb [Official Music Video] - Linkin Park ,
Jhay Cortez. J. Balvin. Bad Bunny - No Me Conoce (Remix) ,
Post Malone. Swae Lee - Sunflower (Spider-Man: Into the Spider-Verse) ,
Piso 21 - D√©jala Que Vuelva (feat. Manuel Turizo) [Video Oficial] ,
Sia - Cheap Thrills (Lyric Video) ft. Sean Paul ,
Ozuna x Romeo Santos - El Farsante (Remix) (Video Oficial) ,
Bruno Mars - Just The Way You Are (Official Music Video) ,
MC Fioti - Bum Bum Tam Tam (KondZilla) | Official Music Video ,
CNCO - Reggaet√≥n Lento (Bailemos) ,
Chino y Nacho - Andas En Mi Cabeza ft. Daddy Yankee (Video Oficial) ,
Jason Derulo - Swalla (feat. Nicki Minaj & Ty Dolla $ign) [Official Music Video] ,
MACKLEMORE & RYAN LEWIS - THRIFT SHOP FEAT. WANZ (OFFICIAL VIDEO) ,
Justin Bieber - Love Yourself (Official Music Video) ,
DJ Khaled - I'm The One ft. Justin Bieber. Quavo. Chance the Rapper. Lil Wayne ,
Eminem - Not Afraid (Official Video) ,
Daddy Yankee - Shaky Shaky (Official Video) ,
Danny Ocean -  Me Reh√∫so (Official Audio) ,
Coldplay - Hymn For The Weekend (Official Video) ,
Maluma - Coraz√≥n (Official Video) ft. Nego do Borel ,
Una Lady Como T√∫ - MTZ Manuel Turizo | Video Oficial ,
David Guetta - Titanium ft. Sia (Official Video) ,
Martin Garrix - Animals (Official Video) ,
Coldplay - Paradise (Official Video) ,
David Guetta - Hey Mama (Official Video) ft Nicki Minaj. Bebe Rexha & Afrojack ,
Ozuna - Se Prepar√≥ (Video Oficial) | Odisea ,
CAN'T STOP THE FEELING! (from DreamWorks Animation's "TROLLS") (Official Video) ,
Lady Gaga - Bad Romance (Official Music Video) ,
Calvin Harris - Summer (Official Video) ,
BLACKPINK - 'Kill This Love' M/V ,
22. Hasta el Amanecer - Nicky Jam | Video Oficial ,
Carlos Vives. Sebasti√°n Yatra - Robarte un Beso (Official Video) ,
Ellie Goulding - Burn (Official Video) ,
Calvin Harris & Disciples - How Deep Is Your Love ,
Carlos Vives. Shakira - La Bicicleta ,
Taylor Swift - Bad Blood ft. Kendrick Lamar ,
Bruno Mars - 24K Magic (Official Music Video) ,
PSY - GENTLEMAN M/V ,
Billie Eilish. Khalid - lovely ,
Los √Ångeles Azules - Nunca Es Suficiente ft. Natalia Lafourcade (Live) ,
Queen ‚Äì Bohemian Rhapsody (Official Video Remastered) ,
PULCINO PIO - El Pollito Pio (Official video) ,
BTS (Î∞©ÌÉÑÏÜåÎÖÑÎã®) 'ÏûëÏùÄ Í≤ÉÎì§ÏùÑ ÏúÑÌïú Ïãú (Boy With Luv) (feat. Halsey)' Official MV ,
Mike Posner - I Took A Pill In Ibiza (Seeb Remix) (Explicit) ,
Sam Smith - I'm Not The Only One (Official Video) ,
Cardi B. Bad Bunny & J Balvin - I Like It [Official Music Video] ,
Rag'n'Bone Man - Human (Official Video) ,
Nirvana - Smells Like Teen Spirit (Official Music Video) ,
Carly Rae Jepsen - Call Me Maybe ,
Shawn Mendes - Stitches (Official Video) ,
Lehanga : Jass Manak (Official Video) Satti Dhillon | Latest Punjabi Songs | GK DIGITAL | Geet MP3 ,
Post Malone - Congratulations ft. Quavo ,
Wisin - Esc√°pate Conmigo (Official Video) ft. Ozuna ,
a-ha - Take On Me (Official Video) [Remastered in 4K] ,
BTS (Î∞©ÌÉÑÏÜåÎÖÑÎã®) 'DNA' Official MV ,
Gente de Zona - La Gozadera (Official Video) ft. Marc Anthony ,
Drake - God's Plan ,
Katy Perry - Last Friday Night (T.G.I.F.) (Official Music Video) ,
James Arthur - Say You Won't Let Go ,
Enrique Iglesias - SUBEME LA RADIO (Official Video) ft. Descemer Bueno. Zion & Lennox ,
BTS (Î∞©ÌÉÑÏÜåÎÖÑÎã®) 'Dynamite' Official MV ,
Laung Laachi Title Song  Mannat Noor | Ammy Virk. Neeru Bajwa. Amberdeep | Latest Punjabi Movie 2018 ,
El Amante - Nicky Jam (Video Oficial)  (√Ålbum F√©nix) ,
P!nk - Just Give Me A Reason ft. Nate Ruess ,
BLACKPINK - 'Î∂êÎ∞îÏïº (BOOMBAYAH)' M/V ,
50 Cent - In Da Club (Official Music Video) ,
Vaaste Song: Dhvani Bhanushali. Tanishk Bagchi | Nikhil D | Bhushan Kumar | Radhika Rao. Vinay Sapru ,
21. El Perd√≥n - Nicky Jam y Enrique Iglesias  [Official Music Video YTMAs] ,
Imagine Dragons - Radioactive ,
Katy Perry - Firework (Official Music Video) ,
French Montana - Unforgettable ft. Swae Lee ,
Shawn Mendes. Camila Cabello - Se√±orita ,
Pitbull - Timber (Official Video) ft. Ke$ha ,
Guns N' Roses - Sweet Child O' Mine (Official Music Video) ,
Charlie Puth - Attention [Official Video] ,
52 GAJ KA DAMAN | PRANJAL DAHIYA | AMAN JAJI | RENUKA PANWAR  | MUKESH JAJI | SAHIL SANDHU ,
Alex Rose  ft. Cazzu. Lenny Tavarez. Lyanno & Rauw Alejandro - Toda (Remix) [Video Oficial] ,
One Direction - What Makes You Beautiful (Official Video) ,
Thalia. Natti Natasha - No Me Acuerdo (Official Video) ,
In The End [Official HD Music Video] - Linkin Park ,
Eminem - Without Me (Official Music Video) ,
Sam Smith - Too Good At Goodbyes (Official Video) ,
Ariana Grande ft. Iggy Azalea - Problem (Official Video) ,
Maari 2 - Rowdy Baby (Video Song) | Dhanush. Sai Pallavi | Yuvan Shankar Raja | Balaji Mohan ,
AronChupa. Little Sis Nora - I'm an Albatraoz | OFFICIAL VIDEO ,
Taylor Swift - Look What You Made Me Do ,
Chris Jedi - Ahora Dice (Official Video) ft. J. Balvin. Ozuna. Arc√°ngel ,
Joey Montana - Picky ,
KAROL G. Nicki Minaj - Tusa (Official Video) ,
Prince Royce - Darte un Beso ,
Arctic Monkeys - Do I Wanna Know? (Official Video) ,
Tyga - Taste (Official Video) ft. Offset ,
Taylor Swift - You Belong With Me ,
BAD BUNNY x DRAKE - M√çA (Official Video) ,
Coldplay - Adventure Of A Lifetime (Official Video) ,
Eminem - Rap God (Explicit) ,
Lady Gaga. Bradley Cooper - Shallow (from A Star Is Born) (Official Music Video) ,
BEBE - 6ix9ine Ft. Anuel AA (Prod. By Ronny J) (Official Music Video) ,
Don Omar - Danza Kuduro ft. Lucenzo ,
Rihanna - Work (Explicit) ft. Drake ,
Maluma - El Perdedor (Official Video) ,
4 Non Blondes - What's Up (Official Music Video) ,
Beyonc√© - Halo ,
Rahat Fateh Ali Khan - Zaroori Tha ,
Ricky Martin - La Mordidita (Official Video) ft. Yotuel ,
The Weeknd - Can't Feel My Face (Official Video) ,
Lukas Graham - 7 Years [Official Music Video] ,
HA-ASH - Lo Aprend√≠ de Ti (Primera Fila - Hecho Realidad [En Vivo]) ,
Alan Walker - Alone ,
twenty one pilots - Ride (Official Video) ,
Anuel AA. KAROL G - Secreto ,
Shakira - La La La (Brazil 2014) ft. Carlinhos Brown ,
Arcangel x Bad Bunny X Dj Luian X Mambo Kingz - Tu No Vive Asi [Video oficial] ,
Sia - Elastic Heart feat. Shia LaBeouf & Maddie Ziegler (Official Video) ,
Skrillex and Diplo - "Where Are √ú Now" with Justin Bieber (Official Video) ,
Mile Ho Tum - Reprise Version | Neha Kakkar | Tony Kakkar | Fever ,
Katy Perry - Bon App√©tit (Official) ft. Migos ,
The Cranberries - Zombie (Official Music Video) ,
OFFICIAL Somewhere over the Rainbow - Israel "IZ" Kamakawiwo ªole ,
Ed Sheeran - Photograph (Official Music Video) ,
Eminem - Lose Yourself [HD] ,
Whitney Houston - I Will Always Love You (Official 4K Video) ,
Daddy Yankee - Limbo (Video Oficial) ,
Christian Nodal - Adi√≥s Amor (Video Oficial) ,
MC Kevinho - Olha a Explos√£o (KondZilla) | Official Music Video ,
Shakira - Can't Remember to Forget You (Official Video) ft. Rihanna ,
Osito Gominola - Full Spanish Version - The Gummy Bear Song ,
Billie Eilish - bad guy ,
OMI - Cheerleader (Felix Jaehn Remix) [Official Video] ,
Chris Brown - Loyal (Official Video) ft. Lil Wayne. Tyga ,
Rick Astley - Never Gonna Give You Up (Official Music Video) ,
Pitbull - Rain Over Me ft. Marc Anthony ,
SIMMBA: Aankh Marey Lyrical | Ranveer Singh. Sara Ali Khan | Tanishk Bagchi. Mika Singh. Neha. Kumar S ,
Miley Cyrus - Wrecking Ball (Official Video) ,
DILBAR Lyrical | Satyameva Jayate |John Abraham. Nora Fatehi. Tanishk B. Neha Kakkar. Dhvani. Ikka ,
Enrique Iglesias - El Perdedor (Pop) ft. Marco Antonio Sol√≠s ,
BTS (Î∞©ÌÉÑÏÜåÎÖÑÎã®) 'MIC Drop (Steve Aoki Remix)' Official MV ,
System Of A Down - Chop Suey! (Official HD Video) ,
J Balvin - 6 AM ft. Farruko (Official Video) ,
Dwayne Johnson - You're Welcome (from Moana/Official Video) ,
BLACKPINK - 'ÎßàÏßÄÎßâÏ≤òÎüº (AS IF IT'S YOUR LAST)' M/V ,
XXXTENTACION - SAD! ,
Naughty Boy - La la la ft. Sam Smith (Official Video) ,
Michael Jackson - Billie Jean (Official Video) ,
Clean Bandit - Symphony (feat. Zara Larsson) [Official Video] ,
Ariana Grande - Break Free ft. Zedd ,
Lil Pump - Gucci Gang [Official Music Video] ,
J.Geco - Chicken Song ,
Ariana Grande - 7 rings (Official Video) ,
Nelly - Dilemma (Official Music Video) ft. Kelly Rowland ,
Migos - Bad and Boujee ft Lil Uzi Vert [Official Video] ,
Lut Gaye (Full Song) Emraan Hashmi. Yukti | Jubin N. Tanishk B. Manoj M | Bhushan K | Radhika-Vinay ,
Sam Smith - Stay With Me (Official Video) ,
Guru Randhawa: High Rated Gabru Official Song | DirectorGifty | Bhushan Kumar | T-Series ,
Zion & Lennox ft. J Balvin - Otra Vez (Video Oficial) ,
Pharrell Williams - Happy (Official Music Video) ,
Bruno Mars - When I Was Your Man (Official Music Video) ,
Los √Ångeles Azules - Mis Sentimientos ft. Ximena Sari√±ana (Live) ,
ZAYN - PILLOWTALK (Official Music Video) ,
Metallica: Nothing Else Matters (Official Music Video) ,
DJ Snake. Lil Jon - Turn Down for What ,
David Guetta - Play Hard ft. Ne-Yo. Akon (Official Video) ,
Katy Perry - Hot N Cold (Official) ,
Bon Jovi - It's My Life (Official Music Video) ,
FILHALL | Akshay Kumar Ft Nupur Sanon | BPraak | Jaani | Arvindr Khaira | Ammy Virk | DESI MELODIES ,
Chino & Nacho - Me Voy Enamorando ft. Farruko (Remix) (Official Music Video) ,
BTS (Î∞©ÌÉÑÏÜåÎÖÑÎã®) 'IDOL' Official MV ,
Iggy Azalea - Fancy ft. Charli XCX (Official Music Video) ,
Ariana Grande - no tears left to cry (Official Video) ,
Marc Anthony - Vivir Mi Vida (Official Video) ,
BTS (Î∞©ÌÉÑÏÜåÎÖÑÎã®) 'FAKE LOVE' Official MV ,
Travesuras - Nicky Jam | Video Oficial ,
Bruno Mars - Grenade (Official Music Video) ,
Shawn Mendes - There's Nothing Holdin' Me Back ,
Justin Bieber - Never Say Never (Official Music Video) ft. Jaden Smith ,
DJ Snake - Let Me Love You ft. Justin Bieber (Official Video) ,
AC/DC - Thunderstruck (Official Video) ,
BLACKPINK - 'How You Like That' M/V ,
Ylvis - The Fox (What Does The Fox Say?) [Official music video HD] ,
Enrique Iglesias - DUELE EL CORAZON ft. Wisin ,
Michel Tel√≥ - Ai Se Eu Te Pego -  Video Oficial (Assim voc√™ me mata) ,
DJ Khaled - Wild Thoughts (Official Video) ft. Rihanna. Bryson Tiller ,
Paulo Londra - Adan y Eva (Official Video) ,
Maluma - Sin Contrato (Official Video) ,
Nicki Minaj - Anaconda ,
Bebe Rexha - Meant to Be (feat. Florida Georgia Line) [Official Music Video] ,
Paulo Londra ft Lenny Tavarez - Nena Maldicion (Official Video) ,
Maluma - Borro Cassette (Official Video) ,
Backstreet Boys - I Want It That Way (Official HD Video) ,
Shakira - Hips Don't Lie (Official 4K Video) ft. Wyclef Jean ,
Romeo Santos - Eres M√≠a ,
J Balvin BONITA feat. Jowell & Randy ,
Cardi B - Bodak Yellow [OFFICIAL MUSIC VIDEO] ,
Vaina Loca - Ozuna x Manuel Turizo (Video Oficial) ,
Cham Cham Full Video | BAAGHI | Tiger Shroff. Shraddha Kapoor| Meet Bros. Monali Thakur| Sabbir Khan ,
BAD BUNNY x JHAY CORTEZ - D√ÅKITI | EL √öLTIMO TOUR DEL MUNDO (Official Video) ,
Dynoro & Gigi D‚ÄôAgostino - In My Mind ,
Major Lazer - Cold Water (feat. Justin Bieber & M√ò) (Official Lyric Video) ,
Ricardo Arjona - Fuiste t√∫ feat. Gaby Moreno (Video Oficial) ,
Reik - Me Niego ft. Ozuna. Wisin ,
Rihanna - We Found Love ft. Calvin Harris ,
Camila Cabello - Havana ft. Young Thug ,
Myke Towers. Farruko. Arcangel. Sech & Zion - Si Se Da Remix (Video Oficial) ,
DJ Snake ft. Justin Bieber - Let Me Love You [Lyric Video] ,
Coldplay - The Scientist (Official Video) ,
J Balvin - Safari ft. Pharrell Williams. BIA. Sky (Official Video) ,
Cyndi Lauper - Girls Just Want To Have Fun (Official Video) ,
Rihanna - Stay ft. Mikky Ekko ,
Guru Randhawa: Lahore (Official Video) Bhushan Kumar | Vee | DirectorGifty | T-Series ,
Evanescence - Bring Me To Life (Official Music Video) ,
BLACKPINK - 'How You Like That' DANCE PERFORMANCE VIDEO ,