https://img.youtube.com/vi/kJQP7kiw5Fk/maxresdefault.jpg,
https://img.youtube.com/vi/F4tHL8reNCs/maxresdefault.jpg,
https://img.youtube.com/vi/RgKAFK5djSk/maxresdefault.jpg,
https://img.youtube.com/vi/OPf0YbXqDm0/maxresdefault.jpg,
https://img.youtube.com/vi/9bZkp7q19f0/maxresdefault.jpg,
https://img.youtube.com/vi/FzG4uDgje3M/maxresdefault.jpg,
https://img.youtube.com/vi/09R8_2nJtjg/maxresdefault.jpg,
https://img.youtube.com/vi/CevxZvSJLk8/maxresdefault.jpg,
https://img.youtube.com/vi/fRh_vgS2dFE/maxresdefault.jpg,
https://img.youtube.com/vi/hT_nvWreIhg/maxresdefault.jpg,
https://img.youtube.com/vi/lp-EO5I60KA/maxresdefault.jpg,
https://img.youtube.com/vi/aJOTlE1K90k/maxresdefault.jpg,
https://img.youtube.com/vi/60ItHLz5WEA/maxresdefault.jpg,
https://img.youtube.com/vi/0KSOMA3QBU0/maxresdefault.jpg,
https://img.youtube.com/vi/k85mRPqvMbE/maxresdefault.jpg,
https://img.youtube.com/vi/RBumgq5yVrA/maxresdefault.jpg,
https://img.youtube.com/vi/NUsoVlDFqZg/maxresdefault.jpg,
https://img.youtube.com/vi/nfWlot6h_JM/maxresdefault.jpg,
https://img.youtube.com/vi/pRpeEdMmmQ0/maxresdefault.jpg,
https://img.youtube.com/vi/wnJ6LuUFpMo/maxresdefault.jpg,
https://img.youtube.com/vi/YQHsXMglC9A/maxresdefault.jpg,
https://img.youtube.com/vi/e-ORhEE9VVg/maxresdefault.jpg,
https://img.youtube.com/vi/3AtDnEC4zak/maxresdefault.jpg,
https://img.youtube.com/vi/PT2_F-1esPk/maxresdefault.jpg,
https://img.youtube.com/vi/L0MK7qz13bU/maxresdefault.jpg,
https://img.youtube.com/vi/6Mgqbai3fKo/maxresdefault.jpg,
https://img.youtube.com/vi/kffacxfA7G4/maxresdefault.jpg,
https://img.youtube.com/vi/papuvlVeZg8/maxresdefault.jpg,
https://img.youtube.com/vi/kOkQ4T5WO9E/maxresdefault.jpg,
https://img.youtube.com/vi/5GL9JoH4Sws/maxresdefault.jpg,
https://img.youtube.com/vi/7PCkvCPvDXk/maxresdefault.jpg,
https://img.youtube.com/vi/2vjPBrBU-TM/maxresdefault.jpg,
https://img.youtube.com/vi/1_zgKRBrT0Y/maxresdefault.jpg,
https://img.youtube.com/vi/DiItGE3eAyQ/maxresdefault.jpg,
https://img.youtube.com/vi/uelHwf8o7_U/maxresdefault.jpg,
https://img.youtube.com/vi/VqEbCxg2bNI/maxresdefault.jpg,
https://img.youtube.com/vi/9jI-z9QN6g8/maxresdefault.jpg,
https://img.youtube.com/vi/fLexgOxsZu0/maxresdefault.jpg,
https://img.youtube.com/vi/ixkoVwKQaJg/maxresdefault.jpg,
https://img.youtube.com/vi/AJtDXIazrMo/maxresdefault.jpg,
https://img.youtube.com/vi/lY2yjAdbvdQ/maxresdefault.jpg,
https://img.youtube.com/vi/PIh2xe4jnpk/maxresdefault.jpg,
https://img.youtube.com/vi/DK_0jXPuIr0/maxresdefault.jpg,
https://img.youtube.com/vi/TyHvyGVs42U/maxresdefault.jpg,
https://img.youtube.com/vi/7wtfhZwyrcc/maxresdefault.jpg,
https://img.youtube.com/vi/IcrbM1l_BoI/maxresdefault.jpg,
https://img.youtube.com/vi/KQ6zr6kCPj8/maxresdefault.jpg,
https://img.youtube.com/vi/GMFewiplIbw/maxresdefault.jpg,
https://img.youtube.com/vi/450p7goxZqg/maxresdefault.jpg,
https://img.youtube.com/vi/_I_D_8Z4sJE/maxresdefault.jpg,
https://img.youtube.com/vi/YBHQbu5rbdQ/maxresdefault.jpg,
https://img.youtube.com/vi/FM7MFYoylVs/maxresdefault.jpg,
https://img.youtube.com/vi/rtOvBOTyX00/maxresdefault.jpg,
https://img.youtube.com/vi/34Na4j8AVgA/maxresdefault.jpg,
https://img.youtube.com/vi/l0U7SxXHkPY/maxresdefault.jpg,
https://img.youtube.com/vi/zEf423kYfqk/maxresdefault.jpg,
https://img.youtube.com/vi/SXiSVQZLje8/maxresdefault.jpg,
https://img.youtube.com/vi/rYEDA3JcQqw/maxresdefault.jpg,
https://img.youtube.com/vi/p7bfOZek9t4/maxresdefault.jpg,
https://img.youtube.com/vi/lWA2pjMjpBs/maxresdefault.jpg,
https://img.youtube.com/vi/t4H_Zoh7G5A/maxresdefault.jpg,
https://img.youtube.com/vi/HCjNJDNzw8Y/maxresdefault.jpg,
https://img.youtube.com/vi/8UVNT4wvIGY/maxresdefault.jpg,
https://img.youtube.com/vi/vjW8wmF5VWc/maxresdefault.jpg,
https://img.youtube.com/vi/QFs3PIZb3js/maxresdefault.jpg,
https://img.youtube.com/vi/TapXs54Ah3E/maxresdefault.jpg,
https://img.youtube.com/vi/hLQl3WQQoQ0/maxresdefault.jpg,
https://img.youtube.com/vi/0VR3dfZf9Yg/maxresdefault.jpg,
https://img.youtube.com/vi/8SbUC-UaAxE/maxresdefault.jpg,
https://img.youtube.com/vi/uxpDa-c-4Mc/maxresdefault.jpg,
https://img.youtube.com/vi/IHNzOHi8sJs/maxresdefault.jpg,
https://img.youtube.com/vi/sGIm0-dQd8M/maxresdefault.jpg,
https://img.youtube.com/vi/UprcpdwuwCg/maxresdefault.jpg,
https://img.youtube.com/vi/tt2k8PGm-TI/maxresdefault.jpg,
https://img.youtube.com/vi/Io0fBr1XBUA/maxresdefault.jpg,
https://img.youtube.com/vi/q0hyYWKXF0Q/maxresdefault.jpg,
https://img.youtube.com/vi/yzTuBuRdAyA/maxresdefault.jpg,
https://img.youtube.com/vi/fKopy74weus/maxresdefault.jpg,
https://img.youtube.com/vi/0HDdjwpPM3Y/maxresdefault.jpg,
https://img.youtube.com/vi/iOe6dI2JhgU/maxresdefault.jpg,
https://img.youtube.com/vi/t_jHrUE5IOk/maxresdefault.jpg,
https://img.youtube.com/vi/kXYiU_JCYtU/maxresdefault.jpg,
https://img.youtube.com/vi/w2C6RhQBYlg/maxresdefault.jpg,
https://img.youtube.com/vi/ApXoWvfEYVU/maxresdefault.jpg,
https://img.youtube.com/vi/nYh-n7EOtMA/maxresdefault.jpg,
https://img.youtube.com/vi/LjhCEhWiKXk/maxresdefault.jpg,
https://img.youtube.com/vi/_P7S2lKif-A/maxresdefault.jpg,
https://img.youtube.com/vi/7jpqqBX-Myw/maxresdefault.jpg,
https://img.youtube.com/vi/AMTAQ-AJS4Y/maxresdefault.jpg,
https://img.youtube.com/vi/NGLxoKOvzu4/maxresdefault.jpg,
https://img.youtube.com/vi/QK8mJJJvaes/maxresdefault.jpg,
https://img.youtube.com/vi/oyEuk8j8imI/maxresdefault.jpg,
https://img.youtube.com/vi/weeI1G46q0o/maxresdefault.jpg,
https://img.youtube.com/vi/j5-yKhDd64s/maxresdefault.jpg,
https://img.youtube.com/vi/aKuivabiOns/maxresdefault.jpg,
https://img.youtube.com/vi/aDCcLQto5BM/maxresdefault.jpg,
https://img.youtube.com/vi/YykjpeuMNEk/maxresdefault.jpg,
https://img.youtube.com/vi/GmHrjFIWl6U/maxresdefault.jpg,
https://img.youtube.com/vi/VYtJAuoZxcc/maxresdefault.jpg,
https://img.youtube.com/vi/1G4isv_Fylg/maxresdefault.jpg,
https://img.youtube.com/vi/KWGrPNqz4uc/maxresdefault.jpg,
https://img.youtube.com/vi/ru0K8uYEZWw/maxresdefault.jpg,
https://img.youtube.com/vi/qrO4YZeyl0I/maxresdefault.jpg,
https://img.youtube.com/vi/ebXbLfLACGM/maxresdefault.jpg,
https://img.youtube.com/vi/2S24-y0Ij3Y/maxresdefault.jpg,
https://img.youtube.com/vi/kkx-7fsiWgg/maxresdefault.jpg,
https://img.youtube.com/vi/Mtau4v6foHA/maxresdefault.jpg,
https://img.youtube.com/vi/CGyEd0aKWZE/maxresdefault.jpg,
https://img.youtube.com/vi/EgqUJOudrcM/maxresdefault.jpg,
https://img.youtube.com/vi/-UV0QGLmYys/maxresdefault.jpg,
https://img.youtube.com/vi/QcIy9NiNbmo/maxresdefault.jpg,
https://img.youtube.com/vi/UqyT8IEBkvY/maxresdefault.jpg,
https://img.youtube.com/vi/ASO_zypdnsQ/maxresdefault.jpg,
https://img.youtube.com/vi/V1Pl8CzNzCw/maxresdefault.jpg,
https://img.youtube.com/vi/k76BgIb89-s/maxresdefault.jpg,
https://img.youtube.com/vi/dhsy6epaJGs/maxresdefault.jpg,
https://img.youtube.com/vi/XsX3ATc3FbA/maxresdefault.jpg,
https://img.youtube.com/vi/foE1mO2yM04/maxresdefault.jpg,
https://img.youtube.com/vi/nCkpzqqog4k/maxresdefault.jpg,
https://img.youtube.com/vi/L3wKzyIN1yk/maxresdefault.jpg,
https://img.youtube.com/vi/hTWKbfoikeg/maxresdefault.jpg,
https://img.youtube.com/vi/fWNaR-rxAic/maxresdefault.jpg,
https://img.youtube.com/vi/VbfpW0pbvaU/maxresdefault.jpg,
https://img.youtube.com/vi/RKioDWlajvo/maxresdefault.jpg,
https://img.youtube.com/vi/SC4xMk98Pdc/maxresdefault.jpg,
https://img.youtube.com/vi/3X9wEwulYhk/maxresdefault.jpg,
https://img.youtube.com/vi/djV11Xbc914/maxresdefault.jpg,
https://img.youtube.com/vi/MBdVXkSdhwU/maxresdefault.jpg,
https://img.youtube.com/vi/VMp55KH_3wo/maxresdefault.jpg,
https://img.youtube.com/vi/xpVfcZ0ZcFM/maxresdefault.jpg,
https://img.youtube.com/vi/KlyXNRrsk4A/maxresdefault.jpg,
https://img.youtube.com/vi/0yW7w8F2TVA/maxresdefault.jpg,
https://img.youtube.com/vi/9sg-A-eS6Ig/maxresdefault.jpg,
https://img.youtube.com/vi/gdZLi9oWNZg/maxresdefault.jpg,
https://img.youtube.com/vi/YpkJO_GrCo0/maxresdefault.jpg,
https://img.youtube.com/vi/OpQFFLBMEPI/maxresdefault.jpg,
https://img.youtube.com/vi/5qm8PH4xAss/maxresdefault.jpg,
https://img.youtube.com/vi/BBAyRBTfsOU/maxresdefault.jpg,
https://img.youtube.com/vi/hXI8RQYC36Q/maxresdefault.jpg,
https://img.youtube.com/vi/ktvTqknDobU/maxresdefault.jpg,
https://img.youtube.com/vi/QGJuMBdaqIw/maxresdefault.jpg,
https://img.youtube.com/vi/CTFtOOh47oo/maxresdefault.jpg,
https://img.youtube.com/vi/Pkh8UtuejGw/maxresdefault.jpg,
https://img.youtube.com/vi/hHUbLv4ThOo/maxresdefault.jpg,
https://img.youtube.com/vi/1w7OgIMMRc4/maxresdefault.jpg,
https://img.youtube.com/vi/CZt-rVn2BJs/maxresdefault.jpg,
https://img.youtube.com/vi/lKDGxAHZt0E/maxresdefault.jpg,
https://img.youtube.com/vi/QJO3ROT-A4E/maxresdefault.jpg,
https://img.youtube.com/vi/iQEVguV71sI/maxresdefault.jpg,
https://img.youtube.com/vi/eVTXPUF4Oz4/maxresdefault.jpg,
https://img.youtube.com/vi/YVkUvmDQ3HY/maxresdefault.jpg,
https://img.youtube.com/vi/J_ub7Etch2U/maxresdefault.jpg,
https://img.youtube.com/vi/iS1g8G_njx8/maxresdefault.jpg,
https://img.youtube.com/vi/x6Q7c9RyMzk/maxresdefault.jpg,
https://img.youtube.com/vi/Bznxx12Ptl0/maxresdefault.jpg,
https://img.youtube.com/vi/3tmd-ClpJxA/maxresdefault.jpg,
https://img.youtube.com/vi/c73Cu3TQnlg/maxresdefault.jpg,
https://img.youtube.com/vi/RqpKDkVzlqU/maxresdefault.jpg,
https://img.youtube.com/vi/tbneQDc2H3I/maxresdefault.jpg,
https://img.youtube.com/vi/bdOXnTbyk0g/maxresdefault.jpg,
https://img.youtube.com/vi/LjxulQ1bEWg/maxresdefault.jpg,
https://img.youtube.com/vi/VuNIsY6JdUw/maxresdefault.jpg,
https://img.youtube.com/vi/OSUxrSe5GbI/maxresdefault.jpg,
https://img.youtube.com/vi/XbGs_qK2PQA/maxresdefault.jpg,
https://img.youtube.com/vi/ycV6cnK3SIs/maxresdefault.jpg,
https://img.youtube.com/vi/7zp1TbLFPp8/maxresdefault.jpg,
https://img.youtube.com/vi/HL1UzIK-flA/maxresdefault.jpg,
https://img.youtube.com/vi/PJniSb91tvo/maxresdefault.jpg,
https://img.youtube.com/vi/6NXnxTNIWkc/maxresdefault.jpg,
https://img.youtube.com/vi/bnVUHWCynig/maxresdefault.jpg,
https://img.youtube.com/vi/6-n_szx2XRE/maxresdefault.jpg,
https://img.youtube.com/vi/lBztnahrOFw/maxresdefault.jpg,
https://img.youtube.com/vi/KEI4qSrkPAs/maxresdefault.jpg,
https://img.youtube.com/vi/Uws510cVia4/maxresdefault.jpg,
https://img.youtube.com/vi/Pw-0pbY9JeU/maxresdefault.jpg,
https://img.youtube.com/vi/gFZfwWZV074/maxresdefault.jpg,
https://img.youtube.com/vi/7-7knsP2n5w/maxresdefault.jpg,
https://img.youtube.com/vi/CUYrEiymUMY/maxresdefault.jpg,
https://img.youtube.com/vi/KWZGAExj-es/maxresdefault.jpg,
https://img.youtube.com/vi/N2-HsIYd0Go/maxresdefault.jpg,
https://img.youtube.com/vi/dPI-mRFEIH0/maxresdefault.jpg,
https://img.youtube.com/vi/6Ejga4kJUts/maxresdefault.jpg,
https://img.youtube.com/vi/_Yhyp-_hX2s/maxresdefault.jpg,
https://img.youtube.com/vi/3JWTaaS7LdU/maxresdefault.jpg,
https://img.youtube.com/vi/6BTjG-dhf5s/maxresdefault.jpg,
https://img.youtube.com/vi/ETLoTxVVvjM/maxresdefault.jpg,
https://img.youtube.com/vi/3yd_eoMOvqk/maxresdefault.jpg,
https://img.youtube.com/vi/o3mP3mJDL2k/maxresdefault.jpg,
https://img.youtube.com/vi/DyDfgMOUjCI/maxresdefault.jpg,
https://img.youtube.com/vi/jGflUbPQfW8/maxresdefault.jpg,
https://img.youtube.com/vi/JXRN_LkCa_o/maxresdefault.jpg,
https://img.youtube.com/vi/dQw4w9WgXcQ/maxresdefault.jpg,
https://img.youtube.com/vi/SmM0653YvXU/maxresdefault.jpg,
https://img.youtube.com/vi/vu5-aKf_QqA/maxresdefault.jpg,
https://img.youtube.com/vi/My2FRPA3Gf8/maxresdefault.jpg,
https://img.youtube.com/vi/JFcgOboQZ08/maxresdefault.jpg,
https://img.youtube.com/vi/tLcfAnN2QgY/maxresdefault.jpg,
https://img.youtube.com/vi/kTlv5_Bs8aw/maxresdefault.jpg,
https://img.youtube.com/vi/CSvFpBOe8eY/maxresdefault.jpg,
https://img.youtube.com/vi/yUV9JwiQLog/maxresdefault.jpg,
https://img.youtube.com/vi/79DijItQXMM/maxresdefault.jpg,
https://img.youtube.com/vi/Amq-qlqbjYA/maxresdefault.jpg,
https://img.youtube.com/vi/pgN-vvVVxMA/maxresdefault.jpg,
https://img.youtube.com/vi/3O1_3zBUKM8/maxresdefault.jpg,
https://img.youtube.com/vi/Zi_XLOBDo_Y/maxresdefault.jpg,
https://img.youtube.com/vi/L8eRzOYhLuw/maxresdefault.jpg,
https://img.youtube.com/vi/4LfJnj66HVQ/maxresdefault.jpg,
https://img.youtube.com/vi/msSc7Mv0QHY/maxresdefault.jpg,
https://img.youtube.com/vi/8WYHDfJDPDc/maxresdefault.jpg,
https://img.youtube.com/vi/S-sJp1FfG7Q/maxresdefault.jpg,
https://img.youtube.com/vi/sCbbMZ-q4-I/maxresdefault.jpg,
https://img.youtube.com/vi/pB-5XG-DbAA/maxresdefault.jpg,
https://img.youtube.com/vi/hjWf8A0YNSE/maxresdefault.jpg,
https://img.youtube.com/vi/6R5i6wQCOCQ/maxresdefault.jpg,
https://img.youtube.com/vi/y6Sxv-sUYtM/maxresdefault.jpg,
https://img.youtube.com/vi/ekzHIouo8Q4/maxresdefault.jpg,
https://img.youtube.com/vi/BokdSWC2R68/maxresdefault.jpg,
https://img.youtube.com/vi/C_3d6GntKbk/maxresdefault.jpg,
https://img.youtube.com/vi/HMUDVMiITOU/maxresdefault.jpg,
https://img.youtube.com/vi/kTHNpusq654/maxresdefault.jpg,
https://img.youtube.com/vi/vx2u5uUu3DE/maxresdefault.jpg,
https://img.youtube.com/vi/hMy5za-m5Ew/maxresdefault.jpg,
https://img.youtube.com/vi/0yr75-gxVtM/maxresdefault.jpg,
https://img.youtube.com/vi/pBuZEGYXA6E/maxresdefault.jpg,
https://img.youtube.com/vi/O-zpOMYRi0w/maxresdefault.jpg,
https://img.youtube.com/vi/ffxKSjUwKdU/maxresdefault.jpg,
https://img.youtube.com/vi/YXnjy5YlDwk/maxresdefault.jpg,
https://img.youtube.com/vi/7C2z4GqqS5E/maxresdefault.jpg,
https://img.youtube.com/vi/OxxggwHFj7M/maxresdefault.jpg,
https://img.youtube.com/vi/SR6iYWJxHqs/maxresdefault.jpg,
https://img.youtube.com/vi/dT2owtxkU8k/maxresdefault.jpg,
https://img.youtube.com/vi/_Z5-P9v3F8w/maxresdefault.jpg,
https://img.youtube.com/vi/euCqAq6BRa4/maxresdefault.jpg,
https://img.youtube.com/vi/v2AC41dglnM/maxresdefault.jpg,
https://img.youtube.com/vi/ioNng23DkIM/maxresdefault.jpg,
https://img.youtube.com/vi/jofNR_WkoCE/maxresdefault.jpg,
https://img.youtube.com/vi/xFutjZEBTXs/maxresdefault.jpg,
https://img.youtube.com/vi/hcm55lU9knw/maxresdefault.jpg,
https://img.youtube.com/vi/fyaI4-5849w/maxresdefault.jpg,
https://img.youtube.com/vi/aSjflT_J0Xo/maxresdefault.jpg,
https://img.youtube.com/vi/9xByMBYDRmY/maxresdefault.jpg,
https://img.youtube.com/vi/LDZX4ooRsWs/maxresdefault.jpg,
https://img.youtube.com/vi/zDo0H8Fm7d0/maxresdefault.jpg,
https://img.youtube.com/vi/bX3S-_jUauc/maxresdefault.jpg,
https://img.youtube.com/vi/Xk0wdDTTPA0/maxresdefault.jpg,
https://img.youtube.com/vi/4fndeDfaWCg/maxresdefault.jpg,
https://img.youtube.com/vi/DUT5rEU6pqM/maxresdefault.jpg,
https://img.youtube.com/vi/8iPcqtHoR3U/maxresdefault.jpg,
https://img.youtube.com/vi/eAqeed4INns/maxresdefault.jpg,
https://img.youtube.com/vi/f6vY6tYvKGA/maxresdefault.jpg,
https://img.youtube.com/vi/TmKh7lAwnBI/maxresdefault.jpg,
https://img.youtube.com/vi/a59gmGkq_pw/maxresdefault.jpg,
https://img.youtube.com/vi/JyqD_zfXfi8/maxresdefault.jpg,
https://img.youtube.com/vi/tg00YEETFzg/maxresdefault.jpg,
https://img.youtube.com/vi/BQ0mxQXmLsk/maxresdefault.jpg,
https://img.youtube.com/vi/CbEst0K063c/maxresdefault.jpg,
https://img.youtube.com/vi/SMs0GnYze34/maxresdefault.jpg,
https://img.youtube.com/vi/RB-RcX5DS5A/maxresdefault.jpg,
https://img.youtube.com/vi/JWESLtAKKlU/maxresdefault.jpg,
https://img.youtube.com/vi/PIb6AZdTr-A/maxresdefault.jpg,
https://img.youtube.com/vi/JF8BRvqGCNs/maxresdefault.jpg,
https://img.youtube.com/vi/dZ0fwJojhrs/maxresdefault.jpg,
https://img.youtube.com/vi/3YxaaGgTQYM/maxresdefault.jpg,
https://img.youtube.com/vi/32si5cfrCNc/maxresdefault.jpg,